source_system,source_identifier,wellbore_uid,well_code,sidetrack_code,operator_label,match_method,match_confidence,identity_kind,occurrences,official_identifiers,evidence,first_seen_in
TRAJ,15_9-19,15/9-19,15/9-19,,,NORMALIZED,0.95,WELL_FOLDER,11,,stages a-d; decided at c_canonical_separators,Well_technical_data/WellWellbore
DDR,15/9-19 A,15/9-19 A,15/9-19,A,,EXACT,1.00,NPD_CODE_WELL|NPD_CODE_WELLBORE,220,NPD_NUMBER:3145,already canonical; corroborated by NPD_NUMBER 3145 (from DDR NPD_CODE_WELL|NPD_CODE_WELLBORE '15/9-19 A'),data/landing/ddr/Well_technical_data/Daily Drilling Report - XML Version/15_9_19_A_1980_01_01.xml
DDR,15_9_19_A,15/9-19 A,15/9-19,A,,NORMALIZED,0.95,FILE_NAME,330,,stages a-d; decided at d_split_sidetrack,Daily Drilling Report file names
DDR,3145,15/9-19 A,15/9-19,A,,IDENTIFIER,1.00,NPD_NUMBER,110,NPD_NUMBER:3145,NPD_NUMBER 3145 (from DDR NPD_CODE_WELL|NPD_CODE_WELLBORE '15/9-19 A'),data/landing/ddr/Well_technical_data/Daily Drilling Report - XML Version/15_9_19_A_1980_01_01.xml
DDR,NO 15/9-19 A,15/9-19 A,15/9-19,A,,NORMALIZED,0.95,XML_NAME_WELL|XML_NAME_WELLBORE,220,NPD_NUMBER:3145,stages a-d; decided at d_split_sidetrack; corroborated by NPD_NUMBER 3145 (from DDR NPD_CODE_WELL|NPD_CODE_WELLBORE '15/9-19 A'),data/landing/ddr/Well_technical_data/Daily Drilling Report - XML Version/15_9_19_A_1980_01_01.xml
TRAJ,15_9-19 A,15/9-19 A,15/9-19,A,,NORMALIZED,0.95,WELLBORE_FOLDER,2,,stages a-d; decided at d_split_sidetrack,Well_technical_data/WellWellbore
DDR,15/9-19 B,15/9-19 B,15/9-19,B,,EXACT,1.00,NPD_CODE_WELL|NPD_CODE_WELLBORE,116,NPD_NUMBER:3251,already canonical; corroborated by NPD_NUMBER 3251 (from DDR NPD_CODE_WELL|NPD_CODE_WELLBORE '15/9-19 B'),data/landing/ddr/Well_technical_data/Daily Drilling Report - XML Version/15_9_19_BT2_1997_12_06.xml
DDR,15_9_19_B,15/9-19 B,15/9-19,B,,NORMALIZED,0.95,FILE_NAME,81,,stages a-d; decided at d_split_sidetrack,Daily Drilling Report file names
DDR,3251,15/9-19 B,15/9-19,B,,IDENTIFIER,1.00,NPD_NUMBER,89,NPD_NUMBER:3251,NPD_NUMBER 3251 (from DDR NPD_CODE_WELL|NPD_CODE_WELLBORE '15/9-19 B'),data/landing/ddr/Well_technical_data/Daily Drilling Report - XML Version/15_9_19_BT2_1997_12_06.xml
DDR,NO 15/9-19 B,15/9-19 B,15/9-19,B,,NORMALIZED,0.95,XML_NAME_WELL|XML_NAME_WELLBORE,116,NPD_NUMBER:3251,stages a-d; decided at d_split_sidetrack; corroborated by NPD_NUMBER 3251 (from DDR NPD_CODE_WELL|NPD_CODE_WELLBORE '15/9-19 B'),data/landing/ddr/Well_technical_data/Daily Drilling Report - XML Version/15_9_19_BT2_1997_12_06.xml
TRAJ,15_9-19 B,15/9-19 B,15/9-19,B,,NORMALIZED,0.95,WELLBORE_FOLDER,2,,stages a-d; decided at d_split_sidetrack,Well_technical_data/WellWellbore
DDR,15/9-19 BT2,15/9-19 BT2,15/9-19,BT2,,EXACT,1.00,NPD_CODE_WELLBORE,62,,already canonical,data/landing/ddr/Well_technical_data/Daily Drilling Report - XML Version/15_9_19_BT2_1997_12_06.xml
DDR,15_9_19_BT2,15/9-19 BT2,15/9-19,BT2,,NORMALIZED,0.95,FILE_NAME,186,,stages a-d; decided at d_split_sidetrack,Daily Drilling Report file names
DDR,NO 15/9-19 BT2,15/9-19 BT2,15/9-19,BT2,,NORMALIZED,0.95,XML_NAME_WELLBORE,62,,stages a-d; decided at d_split_sidetrack,data/landing/ddr/Well_technical_data/Daily Drilling Report - XML Version/15_9_19_BT2_1997_12_06.xml
TRAJ,15_9-19 BT2,15/9-19 BT2,15/9-19,BT2,,NORMALIZED,0.95,WELLBORE_FOLDER,2,,stages a-d; decided at d_split_sidetrack,Well_technical_data/WellWellbore
DDR,15/9-19 S,15/9-19 S,15/9-19,S,,EXACT,1.00,NPD_CODE_WELL|NPD_CODE_WELLBORE,225,NPD_NUMBER:2043,already canonical; corroborated by NPD_NUMBER 2043 (from DDR NPD_CODE_WELL|NPD_CODE_WELLBORE '15/9-19 S'),data/landing/ddr/Well_technical_data/Daily Drilling Report - XML Version/15_9_19_ST2_1992_12_19.xml
DDR,15_9_19_S,15/9-19 S,15/9-19,S,,NORMALIZED,0.95,FILE_NAME,147,,stages a-d; decided at d_split_sidetrack,Daily Drilling Report file names
DDR,2043,15/9-19 S,15/9-19,S,,IDENTIFIER,1.00,NPD_NUMBER,176,NPD_NUMBER:2043,NPD_NUMBER 2043 (from DDR NPD_CODE_WELL|NPD_CODE_WELLBORE '15/9-19 S'),data/landing/ddr/Well_technical_data/Daily Drilling Report - XML Version/15_9_19_ST2_1992_12_19.xml
DDR,NO 15/9-19 S,15/9-19 S,15/9-19,S,,NORMALIZED,0.95,XML_NAME_WELL|XML_NAME_WELLBORE,225,NPD_NUMBER:2043,stages a-d; decided at d_split_sidetrack; corroborated by NPD_NUMBER 2043 (from DDR NPD_CODE_WELL|NPD_CODE_WELLBORE '15/9-19 S'),data/landing/ddr/Well_technical_data/Daily Drilling Report - XML Version/15_9_19_ST2_1992_12_19.xml
TRAJ,15_9-19 S,15/9-19 S,15/9-19,S,,NORMALIZED,0.95,WELLBORE_FOLDER,2,,stages a-d; decided at d_split_sidetrack,Well_technical_data/WellWellbore
TRAJ,15_9-19 SR,15/9-19 SR,15/9-19,SR,,NORMALIZED,0.95,WELLBORE_FOLDER,2,,stages a-d; decided at d_split_sidetrack,Well_technical_data/WellWellbore
DDR,15/9-19 ST2,15/9-19 ST2,15/9-19,ST2,,EXACT,1.00,NPD_CODE_WELLBORE,127,,already canonical,data/landing/ddr/Well_technical_data/Daily Drilling Report - XML Version/15_9_19_ST2_1992_12_19.xml
DDR,15_9_19_ST2,15/9-19 ST2,15/9-19,ST2,,NORMALIZED,0.95,FILE_NAME,381,,stages a-d; decided at d_split_sidetrack,Daily Drilling Report file names
DDR,NO 15/9-19 ST2,15/9-19 ST2,15/9-19,ST2,,NORMALIZED,0.95,XML_NAME_WELLBORE,127,,stages a-d; decided at d_split_sidetrack,data/landing/ddr/Well_technical_data/Daily Drilling Report - XML Version/15_9_19_ST2_1992_12_19.xml
DDR,15/9-F-1,15/9-F-1,15/9-F-1,,,EXACT,1.00,NPD_CODE_WELL|NPD_CODE_WELLBORE,76,NPD_NUMBER:7223,already canonical; corroborated by NPD_NUMBER 7223 (from DDR NPD_CODE_WELL|NPD_CODE_WELLBORE '15/9-F-1'),data/landing/ddr/Well_technical_data/Daily Drilling Report - XML Version/15_9_F_1_2007_12_02.xml
DDR,15_9_F_1,15/9-F-1,15/9-F-1,,,NORMALIZED,0.95,FILE_NAME,114,,stages a-d; decided at c_canonical_separators,Daily Drilling Report file names
DDR,7223,15/9-F-1,15/9-F-1,,,IDENTIFIER,1.00,NPD_NUMBER,38,NPD_NUMBER:7223,NPD_NUMBER 7223 (from DDR NPD_CODE_WELL|NPD_CODE_WELLBORE '15/9-F-1'),data/landing/ddr/Well_technical_data/Daily Drilling Report - XML Version/15_9_F_1_2007_12_02.xml
DDR,NO 15/9-F-1,15/9-F-1,15/9-F-1,,,NORMALIZED,0.95,XML_NAME_WELL|XML_NAME_WELLBORE,76,NPD_NUMBER:7223,stages a-d; decided at b_strip_prefixes; corroborated by NPD_NUMBER 7223 (from DDR NPD_CODE_WELL|NPD_CODE_WELLBORE '15/9-F-1'),data/landing/ddr/Well_technical_data/Daily Drilling Report - XML Version/15_9_F_1_2007_12_02.xml
TRAJ,15_9-F-1,15/9-F-1,15/9-F-1,,,NORMALIZED,0.95,WELLBORE_FOLDER|WELL_FOLDER,21,,stages a-d; decided at c_canonical_separators,Well_technical_data/WellWellbore
DDR,15/9-F-1 A,15/9-F-1 A,15/9-F-1,A,,EXACT,1.00,NPD_CODE_WELL|NPD_CODE_WELLBORE,14,NPD_NUMBER:7224,already canonical; corroborated by NPD_NUMBER 7224 (from DDR NPD_CODE_WELL|NPD_CODE_WELLBORE '15/9-F-1 A'),data/landing/ddr/Well_technical_data/Daily Drilling Report - XML Version/15_9_F_1_A_2013_08_24.xml
DDR,15_9_F_1_A,15/9-F-1 A,15/9-F-1,A,,NORMALIZED,0.95,FILE_NAME,21,,stages a-d; decided at d_split_sidetrack,Daily Drilling Report file names
DDR,7224,15/9-F-1 A,15/9-F-1,A,,IDENTIFIER,1.00,NPD_NUMBER,7,NPD_NUMBER:7224,NPD_NUMBER 7224 (from DDR NPD_CODE_WELL|NPD_CODE_WELLBORE '15/9-F-1 A'),data/landing/ddr/Well_technical_data/Daily Drilling Report - XML Version/15_9_F_1_A_2013_08_24.xml
DDR,NO 15/9-F-1 A,15/9-F-1 A,15/9-F-1,A,,NORMALIZED,0.95,XML_NAME_WELL|XML_NAME_WELLBORE,14,NPD_NUMBER:7224,stages a-d; decided at d_split_sidetrack; corroborated by NPD_NUMBER 7224 (from DDR NPD_CODE_WELL|NPD_CODE_WELLBORE '15/9-F-1 A'),data/landing/ddr/Well_technical_data/Daily Drilling Report - XML Version/15_9_F_1_A_2013_08_24.xml
TRAJ,15_9-F-1 A,15/9-F-1 A,15/9-F-1,A,,NORMALIZED,0.95,WELLBORE_FOLDER,4,,stages a-d; decided at d_split_sidetrack,Well_technical_data/WellWellbore
DDR,15/9-F-1 B,15/9-F-1 B,15/9-F-1,B,,EXACT,1.00,NPD_CODE_WELL|NPD_CODE_WELLBORE,146,NPD_NUMBER:7264,already canonical; corroborated by NPD_NUMBER 7264 (from DDR NPD_CODE_WELL|NPD_CODE_WELLBORE '15/9-F-1 B'),data/landing/ddr/Well_technical_data/Daily Drilling Report - XML Version/15_9_F_1_B_2013_08_30.xml
DDR,15_9_F_1_B,15/9-F-1 B,15/9-F-1,B,,NORMALIZED,0.95,FILE_NAME,219,,stages a-d; decided at d_split_sidetrack,Daily Drilling Report file names
DDR,7264,15/9-F-1 B,15/9-F-1,B,,IDENTIFIER,1.00,NPD_NUMBER,73,NPD_NUMBER:7264,NPD_NUMBER 7264 (from DDR NPD_CODE_WELL|NPD_CODE_WELLBORE '15/9-F-1 B'),data/landing/ddr/Well_technical_data/Daily Drilling Report - XML Version/15_9_F_1_B_2013_08_30.xml
DDR,NO 15/9-F-1 B,15/9-F-1 B,15/9-F-1,B,,NORMALIZED,0.95,XML_NAME_WELL|XML_NAME_WELLBORE,146,NPD_NUMBER:7264,stages a-d; decided at d_split_sidetrack; corroborated by NPD_NUMBER 7264 (from DDR NPD_CODE_WELL|NPD_CODE_WELLBORE '15/9-F-1 B'),data/landing/ddr/Well_technical_data/Daily Drilling Report - XML Version/15_9_F_1_B_2013_08_30.xml
SIM,I-F-1B,15/9-F-1 B,15/9-F-1,B,,NORMALIZED,0.70,ECLIPSE_WELSPECS,2,,"simulator injector name; block 15/9 assumed because the name omits it, then corroborated by a source that named its own block",data/landing/sim/Reservoir_Model-Eclipse_model/Volve_sim_model_PPA-Eclipse Res Model/MOD2013_VOLVE_HM_NTRANS_BASE-SHUT-DEF-F11-BHP-F12-3.SCH
TRAJ,15_9-F-1 B,15/9-F-1 B,15/9-F-1,B,,NORMALIZED,0.95,WELLBORE_FOLDER,4,,stages a-d; decided at d_split_sidetrack,Well_technical_data/WellWellbore
DDR,15/9-F-1 C,15/9-F-1 C,15/9-F-1,C,,EXACT,1.00,NPD_CODE_WELL|NPD_CODE_WELLBORE,196,NPD_NUMBER:7405,already canonical; corroborated by NPD_NUMBER 7405 (from DDR NPD_CODE_WELL|NPD_CODE_WELLBORE '15/9-F-1 C'),data/landing/ddr/Well_technical_data/Daily Drilling Report - XML Version/15_9_F_1_C_2014_02_22.xml
DDR,15_9_F_1_C,15/9-F-1 C,15/9-F-1,C,,NORMALIZED,0.95,FILE_NAME,294,,stages a-d; decided at d_split_sidetrack,Daily Drilling Report file names
DDR,7405,15/9-F-1 C,15/9-F-1,C,,IDENTIFIER,1.00,NPD_NUMBER,98,NPD_NUMBER:7405,NPD_NUMBER 7405 (from DDR NPD_CODE_WELL|NPD_CODE_WELLBORE '15/9-F-1 C'),data/landing/ddr/Well_technical_data/Daily Drilling Report - XML Version/15_9_F_1_C_2014_02_22.xml
DDR,NO 15/9-F-1 C,15/9-F-1 C,15/9-F-1,C,,NORMALIZED,0.95,XML_NAME_WELL|XML_NAME_WELLBORE,196,NPD_NUMBER:7405,stages a-d; decided at d_split_sidetrack; corroborated by NPD_NUMBER 7405 (from DDR NPD_CODE_WELL|NPD_CODE_WELLBORE '15/9-F-1 C'),data/landing/ddr/Well_technical_data/Daily Drilling Report - XML Version/15_9_F_1_C_2014_02_22.xml
PROD,15/9-F-1 C,15/9-F-1 C,15/9-F-1,C,,EXACT,1.00,MONTHLY_WELLBORE_NAME|NPD_WELL_BORE_NAME,771,NPD_NUMBER:7405,already canonical; corroborated by NPD_NUMBER 7405 (from DDR NPD_CODE_WELL|NPD_CODE_WELLBORE '15/9-F-1 C'),data/landing/prod/Production_data/Volve production data.xlsx
PROD,7405,15/9-F-1 C,15/9-F-1,C,,IDENTIFIER,1.00,NPD_WELL_BORE_CODE,746,NPD_NUMBER:7405,NPD_NUMBER 7405 (from DDR NPD_CODE_WELL|NPD_CODE_WELLBORE '15/9-F-1 C'),data/landing/prod/Production_data/Volve production data.xlsx
PROD,NO 15/9-F-1 C,15/9-F-1 C,15/9-F-1,C,,NORMALIZED,0.95,WELL_BORE_CODE,746,NPD_NUMBER:7405,stages a-d; decided at d_split_sidetrack; corroborated by NPD_NUMBER 7405 (from DDR NPD_CODE_WELL|NPD_CODE_WELLBORE '15/9-F-1 C'),data/landing/prod/Production_data/Volve production data.xlsx
SIM,P-F-1C,15/9-F-1 C,15/9-F-1,C,,NORMALIZED,0.70,ECLIPSE_WELSPECS,2,,"simulator producer name; block 15/9 assumed because the name omits it, then corroborated by a source that named its own block",data/landing/sim/Reservoir_Model-Eclipse_model/Volve_sim_model_PPA-Eclipse Res Model/MOD2013_VOLVE_NW-OPTIONS-SHUT-PF1C_H.SCH
TRAJ,15_9-F-1 C,15/9-F-1 C,15/9-F-1,C,,NORMALIZED,0.95,WELLBORE_FOLDER,4,,stages a-d; decided at d_split_sidetrack,Well_technical_data/WellWellbore
ARCHIVE,Norway-StatoilHydro-15_$47$_9-F-10,15/9-F-10,15/9-F-10,,StatoilHydro,NORMALIZED,0.95,ARCHIVE_NAME,12,,stages a-d; decided at c_canonical_separators,Norway-StatoilHydro-15_$47$_9-F-10.zip
DDR,15/9-F-10,15/9-F-10,15/9-F-10,,,EXACT,1.00,NPD_CODE_WELL|NPD_CODE_WELLBORE,142,NPD_NUMBER:6099,already canonical; corroborated by NPD_NUMBER 6099 (from DDR NPD_CODE_WELL|NPD_CODE_WELLBORE '15/9-F-10'),data/landing/ddr/Well_technical_data/Daily Drilling Report - XML Version/15_9_F_10_2009_04_07.xml
DDR,15_9_F_10,15/9-F-10,15/9-F-10,,,NORMALIZED,0.95,FILE_NAME,213,,stages a-d; decided at c_canonical_separators,Daily Drilling Report file names
DDR,6099,15/9-F-10,15/9-F-10,,,IDENTIFIER,1.00,NPD_NUMBER,71,NPD_NUMBER:6099,NPD_NUMBER 6099 (from DDR NPD_CODE_WELL|NPD_CODE_WELLBORE '15/9-F-10'),data/landing/ddr/Well_technical_data/Daily Drilling Report - XML Version/15_9_F_10_2009_04_07.xml
DDR,NO 15/9-F-10,15/9-F-10,15/9-F-10,,,NORMALIZED,0.95,XML_NAME_WELL|XML_NAME_WELLBORE,142,NPD_NUMBER:6099,stages a-d; decided at b_strip_prefixes; corroborated by NPD_NUMBER 6099 (from DDR NPD_CODE_WELL|NPD_CODE_WELLBORE '15/9-F-10'),data/landing/ddr/Well_technical_data/Daily Drilling Report - XML Version/15_9_F_10_2009_04_07.xml
SIM,P-F-10,15/9-F-10,15/9-F-10,,,NORMALIZED,0.70,ECLIPSE_WELSPECS,2,,"simulator producer name; block 15/9 assumed because the name omits it, then corroborated by a source that named its own block",data/landing/sim/Reservoir_Model-Eclipse_model/Volve_sim_model_PPA-Eclipse Res Model/F-10_main-LH.INC
TRAJ,15/9-F-10,15/9-F-10,15/9-F-10,,,EXACT,1.00,XML_NAME_WELL,5,W_NUMBER:W-924688,already canonical; corroborated by W_NUMBER W-924688 (from TRAJ XML_NAME_WELL '15/9-F-10'),data/landing/traj/Norway-StatoilHydro-15-9-F-10/1/trajectory/1.xml
TRAJ,15/9-F-10 - Main Wellbore,15/9-F-10,15/9-F-10,,,NORMALIZED,0.90,XML_NAME_WELLBORE,5,B_NUMBER:B-924688,WITSML 'Main Wellbore' descriptor: the original hole of well 15/9-F-10; corroborated by B_NUMBER B-924688 (from TRAJ XML_NAME_WELLBORE '15/9-F-10 - Main Wellbore'),data/landing/traj/Norway-StatoilHydro-15-9-F-10/1/trajectory/1.xml
TRAJ,15_9-F-10,15/9-F-10,15/9-F-10,,,NORMALIZED,0.95,WELLBORE_FOLDER|WELL_FOLDER,19,,stages a-d; decided at c_canonical_separators,Well_technical_data/WellWellbore
TRAJ,B-924688,15/9-F-10,15/9-F-10,,,IDENTIFIER,1.00,XML_UID_WELLBORE,5,B_NUMBER:B-924688,B_NUMBER B-924688 (from TRAJ XML_NAME_WELLBORE '15/9-F-10 - Main Wellbore'),data/landing/traj/Norway-StatoilHydro-15-9-F-10/1/trajectory/1.xml
TRAJ,Norway-StatoilHydro-15_$47$_9-F-10,15/9-F-10,15/9-F-10,,StatoilHydro,NORMALIZED,0.95,ARCHIVE_ROOT_FOLDER,6,,stages a-d; decided at c_canonical_separators,TRAJ landing root
TRAJ,W-924688,15/9-F-10,15/9-F-10,,,IDENTIFIER,1.00,XML_UID_WELL,5,W_NUMBER:W-924688,W_NUMBER W-924688 (from TRAJ XML_NAME_WELL '15/9-F-10'),data/landing/traj/Norway-StatoilHydro-15-9-F-10/1/trajectory/1.xml
WITSML,15/9-F-10,15/9-F-10,15/9-F-10,,,EXACT,1.00,XML_NAME_WELL,2,W_NUMBER:W-924688,already canonical; corroborated by W_NUMBER W-924688 (from TRAJ XML_NAME_WELL '15/9-F-10'),data/landing/witsml/Norway-StatoilHydro-15-9-F-10/1/_wellboreInfo/15_$47$_9-F-10 - Main Wellbore (B-924688)(NULL).xml
WITSML,15/9-F-10 - Main Wellbore,15/9-F-10,15/9-F-10,,,NORMALIZED,0.90,XML_NAME_WELLBORE,1,B_NUMBER:B-924688,WITSML 'Main Wellbore' descriptor: the original hole of well 15/9-F-10; corroborated by B_NUMBER B-924688 (from TRAJ XML_NAME_WELLBORE '15/9-F-10 - Main Wellbore'),data/landing/witsml/Norway-StatoilHydro-15-9-F-10/1/_wellboreInfo/15_$47$_9-F-10 - Main Wellbore (B-924688)(NULL).xml
WITSML,B-924688,15/9-F-10,15/9-F-10,,,IDENTIFIER,1.00,XML_UID_WELLBORE,1,B_NUMBER:B-924688,B_NUMBER B-924688 (from TRAJ XML_NAME_WELLBORE '15/9-F-10 - Main Wellbore'),data/landing/witsml/Norway-StatoilHydro-15-9-F-10/1/_wellboreInfo/15_$47$_9-F-10 - Main Wellbore (B-924688)(NULL).xml
WITSML,Norway-StatoilHydro-15_$47$_9-F-10,15/9-F-10,15/9-F-10,,StatoilHydro,NORMALIZED,0.95,ARCHIVE_ROOT_FOLDER,6,,stages a-d; decided at c_canonical_separators,WITSML landing root
WITSML,W-924688,15/9-F-10,15/9-F-10,,,IDENTIFIER,1.00,XML_UID_WELL,2,W_NUMBER:W-924688,W_NUMBER W-924688 (from TRAJ XML_NAME_WELL '15/9-F-10'),data/landing/witsml/Norway-StatoilHydro-15-9-F-10/1/_wellboreInfo/15_$47$_9-F-10 - Main Wellbore (B-924688)(NULL).xml
TRAJ,15_9-F-10 A,15/9-F-10 A,15/9-F-10,A,,NORMALIZED,0.95,WELLBORE_FOLDER,10,,stages a-d; decided at d_split_sidetrack,Well_technical_data/WellWellbore
ARCHIVE,15_9-F-11,15/9-F-11,15/9-F-11,,,NORMALIZED,0.95,ARCHIVE_NAME,29,,stages a-d; decided at c_canonical_separators,15_9-F-11.zip
DDR,15/9-F-11,15/9-F-11,15/9-F-11,,,EXACT,1.00,NPD_CODE_WELL|NPD_CODE_WELLBORE,87,NPD_NUMBER:7078,already canonical; corroborated by NPD_NUMBER 7078 (from DDR NPD_CODE_WELL|NPD_CODE_WELLBORE '15/9-F-11'),data/landing/ddr/Well_technical_data/Daily Drilling Report - XML Version/15_9_F_11_2013_03_08.xml
DDR,15_9_F_11,15/9-F-11,15/9-F-11,,,NORMALIZED,0.95,FILE_NAME,51,,stages a-d; decided at c_canonical_separators,Daily Drilling Report file names
DDR,7078,15/9-F-11,15/9-F-11,,,IDENTIFIER,1.00,NPD_NUMBER,70,NPD_NUMBER:7078,NPD_NUMBER 7078 (from DDR NPD_CODE_WELL|NPD_CODE_WELLBORE '15/9-F-11'),data/landing/ddr/Well_technical_data/Daily Drilling Report - XML Version/15_9_F_11_2013_03_08.xml
DDR,NO 15/9-F-11,15/9-F-11,15/9-F-11,,,NORMALIZED,0.95,XML_NAME_WELL|XML_NAME_WELLBORE,87,NPD_NUMBER:7078,stages a-d; decided at b_strip_prefixes; corroborated by NPD_NUMBER 7078 (from DDR NPD_CODE_WELL|NPD_CODE_WELLBORE '15/9-F-11'),data/landing/ddr/Well_technical_data/Daily Drilling Report - XML Version/15_9_F_11_2013_03_08.xml
DOC,15_9-F-11,15/9-F-11,15/9-F-11,,,NORMALIZED,0.95,ARCHIVE_ROOT_FOLDER,9,,stages a-d; decided at c_canonical_separators,DOC landing root
LOG,15/9-F-11,15/9-F-11,15/9-F-11,,STATOIL PETRPOLEUM AS,EXACT,1.00,LAS_WELL,1,,already canonical,data/landing/log/15_9-F-11/05.PETROPHYSICAL INTERPRETATION/WLC_PETRO_COMPUTED_INPUT_1.LAS
LOG,15_9-F-11,15/9-F-11,15/9-F-11,,,NORMALIZED,0.95,ARCHIVE_ROOT_FOLDER,20,,stages a-d; decided at c_canonical_separators,LOG landing root
PROD,15/9-F-11,15/9-F-11,15/9-F-11,,,EXACT,1.00,MONTHLY_WELLBORE_NAME|NPD_WELL_BORE_NAME,1204,NPD_NUMBER:7078,already canonical; corroborated by NPD_NUMBER 7078 (from DDR NPD_CODE_WELL|NPD_CODE_WELLBORE '15/9-F-11'),data/landing/prod/Production_data/Volve production data.xlsx
PROD,7078,15/9-F-11,15/9-F-11,,,IDENTIFIER,1.00,NPD_WELL_BORE_CODE,1165,NPD_NUMBER:7078,NPD_NUMBER 7078 (from DDR NPD_CODE_WELL|NPD_CODE_WELLBORE '15/9-F-11'),data/landing/prod/Production_data/Volve production data.xlsx
PROD,NO 15/9-F-11 H,15/9-F-11,15/9-F-11,,,IDENTIFIER,1.00,WELL_BORE_CODE,1165,NPD_NUMBER:7078,"NPD_NUMBER 7078 (from DDR NPD_CODE_WELL|NPD_CODE_WELLBORE '15/9-F-11'); overrules the name, which parses to '15/9-F-11 H'",data/landing/prod/Production_data/Volve production data.xlsx
TRAJ,15_9-F-11,15/9-F-11,15/9-F-11,,,NORMALIZED,0.95,WELLBORE_FOLDER|WELL_FOLDER,30,,stages a-d; decided at c_canonical_separators,Well_technical_data/WellWellbore
DDR,15/9-F-11 A,15/9-F-11 A,15/9-F-11,A,,EXACT,1.00,NPD_CODE_WELL|NPD_CODE_WELLBORE,28,NPD_NUMBER:7079,already canonical; corroborated by NPD_NUMBER 7079 (from DDR NPD_CODE_WELL|NPD_CODE_WELLBORE '15/9-F-11 A'),data/landing/ddr/Well_technical_data/Daily Drilling Report - XML Version/15_9_F_11_A_2013_05_15.xml
DDR,15_9_F_11_A,15/9-F-11 A,15/9-F-11,A,,NORMALIZED,0.95,FILE_NAME,42,,stages a-d; decided at d_split_sidetrack,Daily Drilling Report file names
DDR,7079,15/9-F-11 A,15/9-F-11,A,,IDENTIFIER,1.00,NPD_NUMBER,14,NPD_NUMBER:7079,NPD_NUMBER 7079 (from DDR NPD_CODE_WELL|NPD_CODE_WELLBORE '15/9-F-11 A'),data/landing/ddr/Well_technical_data/Daily Drilling Report - XML Version/15_9_F_11_A_2013_05_15.xml
DDR,NO 15/9-F-11 A,15/9-F-11 A,15/9-F-11,A,,NORMALIZED,0.95,XML_NAME_WELL|XML_NAME_WELLBORE,28,NPD_NUMBER:7079,stages a-d; decided at d_split_sidetrack; corroborated by NPD_NUMBER 7079 (from DDR NPD_CODE_WELL|NPD_CODE_WELLBORE '15/9-F-11 A'),data/landing/ddr/Well_technical_data/Daily Drilling Report - XML Version/15_9_F_11_A_2013_05_15.xml
TRAJ,15_9-F-11 A,15/9-F-11 A,15/9-F-11,A,,NORMALIZED,0.95,WELLBORE_FOLDER,4,,stages a-d; decided at d_split_sidetrack,Well_technical_data/WellWellbore
DDR,15/9-F-11 B,15/9-F-11 B,15/9-F-11,B,,EXACT,1.00,NPD_CODE_WELL|NPD_CODE_WELLBORE,180,NPD_NUMBER:7080,already canonical; corroborated by NPD_NUMBER 7080 (from DDR NPD_CODE_WELL|NPD_CODE_WELLBORE '15/9-F-11 B'),data/landing/ddr/Well_technical_data/Daily Drilling Report - XML Version/15_9_F_11_B_2013_05_29.xml
DDR,15_9_F_11_B,15/9-F-11 B,15/9-F-11,B,,NORMALIZED,0.95,FILE_NAME,270,,stages a-d; decided at d_split_sidetrack,Daily Drilling Report file names
DDR,7080,15/9-F-11 B,15/9-F-11,B,,IDENTIFIER,1.00,NPD_NUMBER,90,NPD_NUMBER:7080,NPD_NUMBER 7080 (from DDR NPD_CODE_WELL|NPD_CODE_WELLBORE '15/9-F-11 B'),data/landing/ddr/Well_technical_data/Daily Drilling Report - XML Version/15_9_F_11_B_2013_05_29.xml
DDR,NO 15/9-F-11 B,15/9-F-11 B,15/9-F-11,B,,NORMALIZED,0.95,XML_NAME_WELL|XML_NAME_WELLBORE,180,NPD_NUMBER:7080,stages a-d; decided at d_split_sidetrack; corroborated by NPD_NUMBER 7080 (from DDR NPD_CODE_WELL|NPD_CODE_WELLBORE '15/9-F-11 B'),data/landing/ddr/Well_technical_data/Daily Drilling Report - XML Version/15_9_F_11_B_2013_05_29.xml
SIM,P-F-11B,15/9-F-11 B,15/9-F-11,B,,NORMALIZED,0.70,ECLIPSE_WELSPECS,2,,"simulator producer name; block 15/9 assumed because the name omits it, then corroborated by a source that named its own block",data/landing/sim/Reservoir_Model-Eclipse_model/Volve_sim_model_PPA-Eclipse Res Model/MOD2013_VOLVE_HM_NTRANS_BASE-SHUT-DEF-F11-BHP-F12-3.SCH
TRAJ,15_9-F-11 B,15/9-F-11 B,15/9-F-11,B,,NORMALIZED,0.95,WELLBORE_FOLDER,4,,stages a-d; decided at d_split_sidetrack,Well_technical_data/WellWellbore
DDR,15/9-F-11 T2,15/9-F-11 T2,15/9-F-11,T2,,EXACT,1.00,NPD_CODE_WELLBORE,53,,already canonical,data/landing/ddr/Well_technical_data/Daily Drilling Report - XML Version/15_9_F_11_T2_2013_03_24.xml
DDR,15_9_F_11_T2,15/9-F-11 T2,15/9-F-11,T2,,NORMALIZED,0.95,FILE_NAME,159,,stages a-d; decided at d_split_sidetrack,Daily Drilling Report file names
DDR,NO 15/9-F-11 T2,15/9-F-11 T2,15/9-F-11,T2,,NORMALIZED,0.95,XML_NAME_WELLBORE,53,,stages a-d; decided at d_split_sidetrack,data/landing/ddr/Well_technical_data/Daily Drilling Report - XML Version/15_9_F_11_T2_2013_03_24.xml
TRAJ,15_9-F-11 T2,15/9-F-11 T2,15/9-F-11,T2,,NORMALIZED,0.95,WELLBORE_FOLDER,5,,stages a-d; decided at d_split_sidetrack,Well_technical_data/WellWellbore
ARCHIVE,15_9-F-12,15/9-F-12,15/9-F-12,,,NORMALIZED,0.95,ARCHIVE_NAME,250,,stages a-d; decided at c_canonical_separators,15_9-F-12.zip
ARCHIVE,Norway-Statoil-15_$47$_9-F-12,15/9-F-12,15/9-F-12,,Statoil,NORMALIZED,0.95,ARCHIVE_NAME,15,,stages a-d; decided at c_canonical_separators,Norway-Statoil-15_$47$_9-F-12.zip
ARCHIVE,Norway-Statoil-NO 15_$47$_9-F-12,15/9-F-12,15/9-F-12,,Statoil,NORMALIZED,0.95,ARCHIVE_NAME,694,,stages a-d; decided at c_canonical_separators,Norway-Statoil-NO 15_$47$_9-F-12.zip
DDR,15/9-F-12,15/9-F-12,15/9-F-12,,,EXACT,1.00,NPD_CODE_WELL|NPD_CODE_WELLBORE,330,NPD_NUMBER:5599,already canonical; corroborated by NPD_NUMBER 5599 (from DDR NPD_CODE_WELL|NPD_CODE_WELLBORE '15/9-F-12'),data/landing/ddr/Well_technical_data/Daily Drilling Report - XML Version/15_9_F_12_2007_06_14.xml
DDR,15_9_F_12,15/9-F-12,15/9-F-12,,,NORMALIZED,0.95,FILE_NAME,495,,stages a-d; decided at c_canonical_separators,Daily Drilling Report file names
DDR,5599,15/9-F-12,15/9-F-12,,,IDENTIFIER,1.00,NPD_NUMBER,165,NPD_NUMBER:5599,NPD_NUMBER 5599 (from DDR NPD_CODE_WELL|NPD_CODE_WELLBORE '15/9-F-12'),data/landing/ddr/Well_technical_data/Daily Drilling Report - XML Version/15_9_F_12_2007_06_14.xml
DDR,NO 15/9-F-12,15/9-F-12,15/9-F-12,,,NORMALIZED,0.95,XML_NAME_WELL|XML_NAME_WELLBORE,330,NPD_NUMBER:5599,stages a-d; decided at b_strip_prefixes; corroborated by NPD_NUMBER 5599 (from DDR NPD_CODE_WELL|NPD_CODE_WELLBORE '15/9-F-12'),data/landing/ddr/Well_technical_data/Daily Drilling Report - XML Version/15_9_F_12_2007_06_14.xml
DOC,15_9-F-12,15/9-F-12,15/9-F-12,,,NORMALIZED,0.95,ARCHIVE_ROOT_FOLDER,18,,stages a-d; decided at c_canonical_separators,DOC landing root
LOG,15/9-F-12,15/9-F-12,15/9-F-12,,STATOIL,EXACT,1.00,LAS_WELL,14,,already canonical,data/landing/log/15_9-F-12/10.PRODUCTION LOGS/PLT Sept 2010/F12_PLT_302A.LAS
LOG,15_9-F-12,15/9-F-12,15/9-F-12,,,NORMALIZED,0.95,ARCHIVE_ROOT_FOLDER,232,,stages a-d; decided at c_canonical_separators,LOG landing root
LOG,15_9_F-12,15/9-F-12,15/9-F-12,,Statoil,NORMALIZED,0.95,LAS_WELL,6,,stages a-d; decided at c_canonical_separators,data/landing/log/15_9-F-12/02.LWD_EWL/WL_RAW_BHPR-GR-MECH_MWD_2.LAS
LOG,NO 15/9-F-12,15/9-F-12,15/9-F-12,,STATOIL,NORMALIZED,0.95,LAS_API|LAS_UWI,8,,stages a-d; decided at b_strip_prefixes,data/landing/log/15_9-F-12/10.PRODUCTION LOGS/PLT Sept 2010/F12_PLT_302A.LAS
LOG,NO_15/9-F-12,15/9-F-12,15/9-F-12,,,NORMALIZED,0.95,LAS_WELL,1,,stages a-d; decided at b_strip_prefixes,data/landing/log/15_9-F-12/05.PETROPHYSICAL INTERPRETATION/geomod09/NO_15_9-F-12_KLOGH_NEW.las
PROD,15/9-F-12,15/9-F-12,15/9-F-12,,,EXACT,1.00,MONTHLY_WELLBORE_NAME|NPD_WELL_BORE_NAME,3160,NPD_NUMBER:5599,already canonical; corroborated by NPD_NUMBER 5599 (from DDR NPD_CODE_WELL|NPD_CODE_WELLBORE '15/9-F-12'),data/landing/prod/Production_data/Volve production data.xlsx
PROD,5599,15/9-F-12,15/9-F-12,,,IDENTIFIER,1.00,NPD_WELL_BORE_CODE,3056,NPD_NUMBER:5599,NPD_NUMBER 5599 (from DDR NPD_CODE_WELL|NPD_CODE_WELLBORE '15/9-F-12'),data/landing/prod/Production_data/Volve production data.xlsx
PROD,NO 15/9-F-12 H,15/9-F-12,15/9-F-12,,,IDENTIFIER,1.00,WELL_BORE_CODE,3056,NPD_NUMBER:5599,"NPD_NUMBER 5599 (from DDR NPD_CODE_WELL|NPD_CODE_WELLBORE '15/9-F-12'); overrules the name, which parses to '15/9-F-12 H'",data/landing/prod/Production_data/Volve production data.xlsx
SIM,P-F-12,15/9-F-12,15/9-F-12,,,NORMALIZED,0.70,ECLIPSE_WELSPECS,2,,"simulator producer name; block 15/9 assumed because the name omits it, then corroborated by a source that named its own block",data/landing/sim/Reservoir_Model-Eclipse_model/Volve_sim_model_PPA-Eclipse Res Model/MOD2013_VOLVE_HM_NTRANS_BASE-SHUT-DEF-F11-BHP-F12-3.SCH
TRAJ,15/9-F-12,15/9-F-12,15/9-F-12,,,EXACT,1.00,XML_NAME_WELL,8,W_NUMBER:W-353084,already canonical; corroborated by W_NUMBER W-353084 (from TRAJ XML_NAME_WELL '15/9-F-12'),data/landing/traj/Norway-Statoil-15-9-F-12/1/trajectory/1.xml
TRAJ,15/9-F-12 - Main Wellbore,15/9-F-12,15/9-F-12,,,NORMALIZED,0.90,XML_NAME_WELLBORE,8,B_NUMBER:B-353084,WITSML 'Main Wellbore' descriptor: the original hole of well 15/9-F-12; corroborated by B_NUMBER B-353084 (from TRAJ XML_NAME_WELLBORE '15/9-F-12 - Main Wellbore'),data/landing/traj/Norway-Statoil-15-9-F-12/1/trajectory/1.xml
TRAJ,15_9-F-12,15/9-F-12,15/9-F-12,,,NORMALIZED,0.95,WELLBORE_FOLDER|WELL_FOLDER,9,,stages a-d; decided at c_canonical_separators,Well_technical_data/WellWellbore
TRAJ,97debbde-fcef-4ad2-ad00-6205300609fa,15/9-F-12,15/9-F-12,,,IDENTIFIER,1.00,XML_UID_WELLBORE,1,UUID:97debbde-fcef-4ad2-ad00-6205300609fa,UUID 97debbde-fcef-4ad2-ad00-6205300609fa (from TRAJ XML_NAME_WELL|XML_NAME_WELLBORE 'NO 15/9-F-12'),data/landing/traj/Norway-Statoil-NO_15-9-F-12/1/trajectory/1.xml
TRAJ,B-353084,15/9-F-12,15/9-F-12,,,IDENTIFIER,1.00,XML_UID_WELLBORE,8,B_NUMBER:B-353084,B_NUMBER B-353084 (from TRAJ XML_NAME_WELLBORE '15/9-F-12 - Main Wellbore'),data/landing/traj/Norway-Statoil-15-9-F-12/1/trajectory/1.xml
TRAJ,NO 15/9-F-12,15/9-F-12,15/9-F-12,,,NORMALIZED,0.95,XML_NAME_WELL|XML_NAME_WELLBORE,2,UUID:a82580d7-d94f-4e5a-9a04-be8bcae02998;UUID:97debbde-fcef-4ad2-ad00-6205300609fa,stages a-d; decided at b_strip_prefixes; corroborated by UUID a82580d7-d94f-4e5a-9a04-be8bcae02998 (from TRAJ XML_NAME_WELL|XML_NAME_WELLBORE 'NO 15/9-F-12'),data/landing/traj/Norway-Statoil-NO_15-9-F-12/1/trajectory/1.xml
TRAJ,Norway-Statoil-15_$47$_9-F-12,15/9-F-12,15/9-F-12,,Statoil,NORMALIZED,0.95,ARCHIVE_ROOT_FOLDER,9,,stages a-d; decided at c_canonical_separators,TRAJ landing root
TRAJ,Norway-Statoil-NO 15_$47$_9-F-12,15/9-F-12,15/9-F-12,,Statoil,NORMALIZED,0.95,ARCHIVE_ROOT_FOLDER,2,,stages a-d; decided at c_canonical_separators,TRAJ landing root
TRAJ,W-353084,15/9-F-12,15/9-F-12,,,IDENTIFIER,1.00,XML_UID_WELL,8,W_NUMBER:W-353084,W_NUMBER W-353084 (from TRAJ XML_NAME_WELL '15/9-F-12'),data/landing/traj/Norway-Statoil-15-9-F-12/1/trajectory/1.xml
TRAJ,a82580d7-d94f-4e5a-9a04-be8bcae02998,15/9-F-12,15/9-F-12,,,IDENTIFIER,1.00,XML_UID_WELL,1,UUID:a82580d7-d94f-4e5a-9a04-be8bcae02998,UUID a82580d7-d94f-4e5a-9a04-be8bcae02998 (from TRAJ XML_NAME_WELL|XML_NAME_WELLBORE 'NO 15/9-F-12'),data/landing/traj/Norway-Statoil-NO_15-9-F-12/1/trajectory/1.xml
WITSML,15/9-F-12,15/9-F-12,15/9-F-12,,,EXACT,1.00,XML_NAME_WELL,2,W_NUMBER:W-353084,already canonical; corroborated by W_NUMBER W-353084 (from TRAJ XML_NAME_WELL '15/9-F-12'),data/landing/witsml/Norway-Statoil-15-9-F-12/1/_wellboreInfo/15_$47$_9-F-12 - Main Wellbore (B-353084)(NULL).xml
WITSML,15/9-F-12 - Main Wellbore,15/9-F-12,15/9-F-12,,,NORMALIZED,0.90,XML_NAME_WELLBORE,1,B_NUMBER:B-353084,WITSML 'Main Wellbore' descriptor: the original hole of well 15/9-F-12; corroborated by B_NUMBER B-353084 (from TRAJ XML_NAME_WELLBORE '15/9-F-12 - Main Wellbore'),data/landing/witsml/Norway-Statoil-15-9-F-12/1/_wellboreInfo/15_$47$_9-F-12 - Main Wellbore (B-353084)(NULL).xml
WITSML,97debbde-fcef-4ad2-ad00-6205300609fa,15/9-F-12,15/9-F-12,,,IDENTIFIER,1.00,XML_UID_WELLBORE,683,UUID:97debbde-fcef-4ad2-ad00-6205300609fa,UUID 97debbde-fcef-4ad2-ad00-6205300609fa (from TRAJ XML_NAME_WELL|XML_NAME_WELLBORE 'NO 15/9-F-12'),data/landing/witsml/Norway-Statoil-NO_15-9-F-12/1/_wellboreInfo/NO 15_$47$_9-F-12 (97debbde-fcef-4ad2-ad00-6205300609fa)(NULL).xml
WITSML,B-353084,15/9-F-12,15/9-F-12,,,IDENTIFIER,1.00,XML_UID_WELLBORE,1,B_NUMBER:B-353084,B_NUMBER B-353084 (from TRAJ XML_NAME_WELLBORE '15/9-F-12 - Main Wellbore'),data/landing/witsml/Norway-Statoil-15-9-F-12/1/_wellboreInfo/15_$47$_9-F-12 - Main Wellbore (B-353084)(NULL).xml
WITSML,NO 15/9-F-12,15/9-F-12,15/9-F-12,,,NORMALIZED,0.95,XML_NAME_WELL|XML_NAME_WELLBORE,1367,UUID:a82580d7-d94f-4e5a-9a04-be8bcae02998;UUID:97debbde-fcef-4ad2-ad00-6205300609fa,stages a-d; decided at b_strip_prefixes; corroborated by UUID a82580d7-d94f-4e5a-9a04-be8bcae02998 (from TRAJ XML_NAME_WELL|XML_NAME_WELLBORE 'NO 15/9-F-12'),data/landing/witsml/Norway-Statoil-NO_15-9-F-12/1/_wellboreInfo/NO 15_$47$_9-F-12 (97debbde-fcef-4ad2-ad00-6205300609fa)(NULL).xml
WITSML,Norway-Statoil-15_$47$_9-F-12,15/9-F-12,15/9-F-12,,Statoil,NORMALIZED,0.95,ARCHIVE_ROOT_FOLDER,6,,stages a-d; decided at c_canonical_separators,WITSML landing root
WITSML,Norway-Statoil-NO 15_$47$_9-F-12,15/9-F-12,15/9-F-12,,Statoil,NORMALIZED,0.95,ARCHIVE_ROOT_FOLDER,692,,stages a-d; decided at c_canonical_separators,WITSML landing root
WITSML,W-353084,15/9-F-12,15/9-F-12,,,IDENTIFIER,1.00,XML_UID_WELL,2,W_NUMBER:W-353084,W_NUMBER W-353084 (from TRAJ XML_NAME_WELL '15/9-F-12'),data/landing/witsml/Norway-Statoil-15-9-F-12/1/_wellboreInfo/15_$47$_9-F-12 - Main Wellbore (B-353084)(NULL).xml
WITSML,a82580d7-d94f-4e5a-9a04-be8bcae02998,15/9-F-12,15/9-F-12,,,IDENTIFIER,1.00,XML_UID_WELL,684,UUID:a82580d7-d94f-4e5a-9a04-be8bcae02998,UUID a82580d7-d94f-4e5a-9a04-be8bcae02998 (from TRAJ XML_NAME_WELL|XML_NAME_WELLBORE 'NO 15/9-F-12'),data/landing/witsml/Norway-Statoil-NO_15-9-F-12/1/_wellboreInfo/NO 15_$47$_9-F-12 (97debbde-fcef-4ad2-ad00-6205300609fa)(NULL).xml
TRAJ,15_9-F-13,15/9-F-13,15/9-F-13,,,NORMALIZED,0.95,WELLBORE_FOLDER|WELL_FOLDER,21,,stages a-d; decided at c_canonical_separators,Well_technical_data/WellWellbore
ARCHIVE,15_9-F-14,15/9-F-14,15/9-F-14,,,NORMALIZED,0.95,ARCHIVE_NAME,234,,stages a-d; decided at c_canonical_separators,15_9-F-14.zip
ARCHIVE,Norway-Statoil-NO 15_$47$_9-F-14,15/9-F-14,15/9-F-14,,Statoil,NORMALIZED,0.95,ARCHIVE_NAME,609,,stages a-d; decided at c_canonical_separators,Norway-Statoil-NO 15_$47$_9-F-14.zip
ARCHIVE,Norway-StatoilHydro-15_$47$_9-F-14,15/9-F-14,15/9-F-14,,StatoilHydro,NORMALIZED,0.95,ARCHIVE_NAME,15,,stages a-d; decided at c_canonical_separators,Norway-StatoilHydro-15_$47$_9-F-14.zip
DDR,15/9-F-14,15/9-F-14,15/9-F-14,,,EXACT,1.00,NPD_CODE_WELL|NPD_CODE_WELLBORE,268,NPD_NUMBER:5351,already canonical; corroborated by NPD_NUMBER 5351 (from DDR NPD_CODE_WELL|NPD_CODE_WELLBORE '15/9-F-14'),data/landing/ddr/Well_technical_data/Daily Drilling Report - XML Version/15_9_F_14_2007_11_06.xml
DDR,15_9_F_14,15/9-F-14,15/9-F-14,,,NORMALIZED,0.95,FILE_NAME,402,,stages a-d; decided at c_canonical_separators,Daily Drilling Report file names
DDR,5351,15/9-F-14,15/9-F-14,,,IDENTIFIER,1.00,NPD_NUMBER,134,NPD_NUMBER:5351,NPD_NUMBER 5351 (from DDR NPD_CODE_WELL|NPD_CODE_WELLBORE '15/9-F-14'),data/landing/ddr/Well_technical_data/Daily Drilling Report - XML Version/15_9_F_14_2007_11_06.xml
DDR,NO 15/9-F-14,15/9-F-14,15/9-F-14,,,NORMALIZED,0.95,XML_NAME_WELL|XML_NAME_WELLBORE,268,NPD_NUMBER:5351,stages a-d; decided at b_strip_prefixes; corroborated by NPD_NUMBER 5351 (from DDR NPD_CODE_WELL|NPD_CODE_WELLBORE '15/9-F-14'),data/landing/ddr/Well_technical_data/Daily Drilling Report - XML Version/15_9_F_14_2007_11_06.xml
DOC,15_9-F-14,15/9-F-14,15/9-F-14,,,NORMALIZED,0.95,ARCHIVE_ROOT_FOLDER,14,,stages a-d; decided at c_canonical_separators,DOC landing root
LOG,15/9-F-14,15/9-F-14,15/9-F-14,,STATOIL,EXACT,1.00,LAS_WELL,22,,already canonical,data/landing/log/15_9-F-14/10.PRODUCTION LOGS/PLT_RST Sept 2010/F14_PLT_302A.LAS
LOG,15_9-F-14,15/9-F-14,15/9-F-14,,,NORMALIZED,0.95,ARCHIVE_ROOT_FOLDER,220,,stages a-d; decided at c_canonical_separators,LOG landing root
LOG,15_9_F_14,15/9-F-14,15/9-F-14,,StatoilHydro,NORMALIZED,0.95,LAS_WELL,3,,stages a-d; decided at c_canonical_separators,data/landing/log/15_9-F-14/02.LWD_EWL/WL_RAW_BHPR-GR-MECH_MWD_2.LAS
LOG,NO 15/9-F-14,15/9-F-14,15/9-F-14,,STATOIL,NORMALIZED,0.95,LAS_API|LAS_UWI,10,,stages a-d; decided at b_strip_prefixes,data/landing/log/15_9-F-14/10.PRODUCTION LOGS/PLT_RST Sept 2010/F14_PLT_302A.LAS
LOG,NO_15/9-F-14,15/9-F-14,15/9-F-14,,,NORMALIZED,0.95,LAS_WELL,1,,stages a-d; decided at b_strip_prefixes,data/landing/log/15_9-F-14/05.PETROPHYSICAL INTERPRETATION/geomod09/NO_15_9-F-14_KLOGH_NEW.las
PROD,15/9-F-14,15/9-F-14,15/9-F-14,,,EXACT,1.00,MONTHLY_WELLBORE_NAME|NPD_WELL_BORE_NAME,3160,NPD_NUMBER:5351,already canonical; corroborated by NPD_NUMBER 5351 (from DDR NPD_CODE_WELL|NPD_CODE_WELLBORE '15/9-F-14'),data/landing/prod/Production_data/Volve production data.xlsx
PROD,5351,15/9-F-14,15/9-F-14,,,IDENTIFIER,1.00,NPD_WELL_BORE_CODE,3056,NPD_NUMBER:5351,NPD_NUMBER 5351 (from DDR NPD_CODE_WELL|NPD_CODE_WELLBORE '15/9-F-14'),data/landing/prod/Production_data/Volve production data.xlsx
PROD,NO 15/9-F-14 H,15/9-F-14,15/9-F-14,,,IDENTIFIER,1.00,WELL_BORE_CODE,3056,NPD_NUMBER:5351,"NPD_NUMBER 5351 (from DDR NPD_CODE_WELL|NPD_CODE_WELLBORE '15/9-F-14'); overrules the name, which parses to '15/9-F-14 H'",data/landing/prod/Production_data/Volve production data.xlsx
SIM,P-F-14,15/9-F-14,15/9-F-14,,,NORMALIZED,0.70,ECLIPSE_WELSPECS,2,,"simulator producer name; block 15/9 assumed because the name omits it, then corroborated by a source that named its own block",data/landing/sim/Reservoir_Model-Eclipse_model/Volve_sim_model_PPA-Eclipse Res Model/MOD2013_VOLVE_HM_NTRANS_BASE-SHUT-DEF-F11-BHP-F12-3.SCH
TRAJ,05fb8aee-3461-4071-8ac5-975b9bb5cc4f,15/9-F-14,15/9-F-14,,,IDENTIFIER,1.00,XML_UID_WELLBORE,1,UUID:05fb8aee-3461-4071-8ac5-975b9bb5cc4f,UUID 05fb8aee-3461-4071-8ac5-975b9bb5cc4f (from TRAJ XML_NAME_WELL|XML_NAME_WELLBORE 'NO 15/9-F-14'),data/landing/traj/Norway-Statoil-NO_15-9-F-14/1/trajectory/1.xml
TRAJ,15/9-F-14,15/9-F-14,15/9-F-14,,,EXACT,1.00,XML_NAME_WELL,5,W_NUMBER:W-353085,already canonical; corroborated by W_NUMBER W-353085 (from TRAJ XML_NAME_WELL '15/9-F-14'),data/landing/traj/Norway-StatoilHydro-15-9-F-14/1/trajectory/1.xml
TRAJ,15/9-F-14 - Main Wellbore,15/9-F-14,15/9-F-14,,,NORMALIZED,0.90,XML_NAME_WELLBORE,5,B_NUMBER:B-353085,WITSML 'Main Wellbore' descriptor: the original hole of well 15/9-F-14; corroborated by B_NUMBER B-353085 (from TRAJ XML_NAME_WELLBORE '15/9-F-14 - Main Wellbore'),data/landing/traj/Norway-StatoilHydro-15-9-F-14/1/trajectory/1.xml
TRAJ,15_9-F-14,15/9-F-14,15/9-F-14,,,NORMALIZED,0.95,WELLBORE_FOLDER|WELL_FOLDER,12,,stages a-d; decided at c_canonical_separators,Well_technical_data/WellWellbore
TRAJ,B-353085,15/9-F-14,15/9-F-14,,,IDENTIFIER,1.00,XML_UID_WELLBORE,5,B_NUMBER:B-353085,B_NUMBER B-353085 (from TRAJ XML_NAME_WELLBORE '15/9-F-14 - Main Wellbore'),data/landing/traj/Norway-StatoilHydro-15-9-F-14/1/trajectory/1.xml
TRAJ,NO 15/9-F-14,15/9-F-14,15/9-F-14,,,NORMALIZED,0.95,XML_NAME_WELL|XML_NAME_WELLBORE,2,UUID:cf870b7d-087b-4797-b000-4968e9f1beaf;UUID:05fb8aee-3461-4071-8ac5-975b9bb5cc4f,stages a-d; decided at b_strip_prefixes; corroborated by UUID cf870b7d-087b-4797-b000-4968e9f1beaf (from TRAJ XML_NAME_WELL|XML_NAME_WELLBORE 'NO 15/9-F-14'),data/landing/traj/Norway-Statoil-NO_15-9-F-14/1/trajectory/1.xml
TRAJ,Norway-Statoil-NO 15_$47$_9-F-14,15/9-F-14,15/9-F-14,,Statoil,NORMALIZED,0.95,ARCHIVE_ROOT_FOLDER,2,,stages a-d; decided at c_canonical_separators,TRAJ landing root
TRAJ,Norway-StatoilHydro-15_$47$_9-F-14,15/9-F-14,15/9-F-14,,StatoilHydro,NORMALIZED,0.95,ARCHIVE_ROOT_FOLDER,6,,stages a-d; decided at c_canonical_separators,TRAJ landing root
TRAJ,W-353085,15/9-F-14,15/9-F-14,,,IDENTIFIER,1.00,XML_UID_WELL,5,W_NUMBER:W-353085,W_NUMBER W-353085 (from TRAJ XML_NAME_WELL '15/9-F-14'),data/landing/traj/Norway-StatoilHydro-15-9-F-14/1/trajectory/1.xml
TRAJ,cf870b7d-087b-4797-b000-4968e9f1beaf,15/9-F-14,15/9-F-14,,,IDENTIFIER,1.00,XML_UID_WELL,1,UUID:cf870b7d-087b-4797-b000-4968e9f1beaf,UUID cf870b7d-087b-4797-b000-4968e9f1beaf (from TRAJ XML_NAME_WELL|XML_NAME_WELLBORE 'NO 15/9-F-14'),data/landing/traj/Norway-Statoil-NO_15-9-F-14/1/trajectory/1.xml
WITSML,05fb8aee-3461-4071-8ac5-975b9bb5cc4f,15/9-F-14,15/9-F-14,,,IDENTIFIER,1.00,XML_UID_WELLBORE,597,UUID:05fb8aee-3461-4071-8ac5-975b9bb5cc4f,UUID 05fb8aee-3461-4071-8ac5-975b9bb5cc4f (from TRAJ XML_NAME_WELL|XML_NAME_WELLBORE 'NO 15/9-F-14'),data/landing/witsml/Norway-Statoil-NO_15-9-F-14/1/_wellboreInfo/NO 15_$47$_9-F-14 (05fb8aee-3461-4071-8ac5-975b9bb5cc4f)(NULL).xml
WITSML,15/9-F-14,15/9-F-14,15/9-F-14,,,EXACT,1.00,XML_NAME_WELL,3,W_NUMBER:W-353085,already canonical; corroborated by W_NUMBER W-353085 (from TRAJ XML_NAME_WELL '15/9-F-14'),data/landing/witsml/Norway-StatoilHydro-15-9-F-14/1/_wellboreInfo/15_$47$_9-F-14 - Main Wellbore (B-353085)(NULL).xml
WITSML,15/9-F-14 - Main Wellbore,15/9-F-14,15/9-F-14,,,NORMALIZED,0.90,XML_NAME_WELLBORE,1,B_NUMBER:B-353085,WITSML 'Main Wellbore' descriptor: the original hole of well 15/9-F-14; corroborated by B_NUMBER B-353085 (from TRAJ XML_NAME_WELLBORE '15/9-F-14 - Main Wellbore'),data/landing/witsml/Norway-StatoilHydro-15-9-F-14/1/_wellboreInfo/15_$47$_9-F-14 - Main Wellbore (B-353085)(NULL).xml
WITSML,B-353085,15/9-F-14,15/9-F-14,,,IDENTIFIER,1.00,XML_UID_WELLBORE,1,B_NUMBER:B-353085,B_NUMBER B-353085 (from TRAJ XML_NAME_WELLBORE '15/9-F-14 - Main Wellbore'),data/landing/witsml/Norway-StatoilHydro-15-9-F-14/1/_wellboreInfo/15_$47$_9-F-14 - Main Wellbore (B-353085)(NULL).xml
WITSML,NO 15/9-F-14,15/9-F-14,15/9-F-14,,,NORMALIZED,0.95,XML_NAME_WELL|XML_NAME_WELLBORE,1195,UUID:cf870b7d-087b-4797-b000-4968e9f1beaf;UUID:05fb8aee-3461-4071-8ac5-975b9bb5cc4f,stages a-d; decided at b_strip_prefixes; corroborated by UUID cf870b7d-087b-4797-b000-4968e9f1beaf (from TRAJ XML_NAME_WELL|XML_NAME_WELLBORE 'NO 15/9-F-14'),data/landing/witsml/Norway-Statoil-NO_15-9-F-14/1/_wellboreInfo/NO 15_$47$_9-F-14 (05fb8aee-3461-4071-8ac5-975b9bb5cc4f)(NULL).xml
WITSML,Norway-Statoil-NO 15_$47$_9-F-14,15/9-F-14,15/9-F-14,,Statoil,NORMALIZED,0.95,ARCHIVE_ROOT_FOLDER,607,,stages a-d; decided at c_canonical_separators,WITSML landing root
WITSML,Norway-StatoilHydro-15_$47$_9-F-14,15/9-F-14,15/9-F-14,,StatoilHydro,NORMALIZED,0.95,ARCHIVE_ROOT_FOLDER,9,,stages a-d; decided at c_canonical_separators,WITSML landing root
WITSML,W-353085,15/9-F-14,15/9-F-14,,,IDENTIFIER,1.00,XML_UID_WELL,3,W_NUMBER:W-353085,W_NUMBER W-353085 (from TRAJ XML_NAME_WELL '15/9-F-14'),data/landing/witsml/Norway-StatoilHydro-15-9-F-14/1/_wellboreInfo/15_$47$_9-F-14 - Main Wellbore (B-353085)(NULL).xml
WITSML,cf870b7d-087b-4797-b000-4968e9f1beaf,15/9-F-14,15/9-F-14,,,IDENTIFIER,1.00,XML_UID_WELL,598,UUID:cf870b7d-087b-4797-b000-4968e9f1beaf,UUID cf870b7d-087b-4797-b000-4968e9f1beaf (from TRAJ XML_NAME_WELL|XML_NAME_WELLBORE 'NO 15/9-F-14'),data/landing/witsml/Norway-Statoil-NO_15-9-F-14/1/_wellboreInfo/NO 15_$47$_9-F-14 (05fb8aee-3461-4071-8ac5-975b9bb5cc4f)(NULL).xml
SIM,F-14A,15/9-F-14 A,15/9-F-14,A,,NORMALIZED,0.70,ECLIPSE_WELSPECS,1,,"simulator well name; block 15/9 assumed because the name omits it, then corroborated by a source that named its own block",data/landing/sim/Reservoir_Model-Eclipse_model/Volve_sim_model_PPA-Eclipse Res Model/F-14A_revp1.INC
TRAJ,15_9-F-14 A,15/9-F-14 A,15/9-F-14,A,,NORMALIZED,0.95,WELLBORE_FOLDER,3,,stages a-d; decided at d_split_sidetrack,Well_technical_data/WellWellbore
ARCHIVE,15_9-F-15,15/9-F-15,15/9-F-15,,,NORMALIZED,0.95,ARCHIVE_NAME,109,,stages a-d; decided at c_canonical_separators,15_9-F-15.zip
ARCHIVE,Norway-Statoil-NO 15_$47$_9-F-15,15/9-F-15,15/9-F-15,,Statoil,NORMALIZED,0.95,ARCHIVE_NAME,2817,,stages a-d; decided at c_canonical_separators,Norway-Statoil-NO 15_$47$_9-F-15.zip
ARCHIVE,Norway-StatoilHydro-15_$47$_9-F-15,15/9-F-15,15/9-F-15,,StatoilHydro,NORMALIZED,0.95,ARCHIVE_NAME,9,,stages a-d; decided at c_canonical_separators,Norway-StatoilHydro-15_$47$_9-F-15.zip
DDR,15/9-F-15,15/9-F-15,15/9-F-15,,,EXACT,1.00,NPD_CODE_WELL|NPD_CODE_WELLBORE,138,NPD_NUMBER:6184,already canonical; corroborated by NPD_NUMBER 6184 (from DDR NPD_CODE_WELL|NPD_CODE_WELLBORE '15/9-F-15'),data/landing/ddr/Well_technical_data/Daily Drilling Report - XML Version/15_9_F_15_2007_11_19.xml
DDR,15_9_F_15,15/9-F-15,15/9-F-15,,,NORMALIZED,0.95,FILE_NAME,207,,stages a-d; decided at c_canonical_separators,Daily Drilling Report file names
DDR,6184,15/9-F-15,15/9-F-15,,,IDENTIFIER,1.00,NPD_NUMBER,69,NPD_NUMBER:6184,NPD_NUMBER 6184 (from DDR NPD_CODE_WELL|NPD_CODE_WELLBORE '15/9-F-15'),data/landing/ddr/Well_technical_data/Daily Drilling Report - XML Version/15_9_F_15_2007_11_19.xml
DDR,NO 15/9-F-15,15/9-F-15,15/9-F-15,,,NORMALIZED,0.95,XML_NAME_WELL|XML_NAME_WELLBORE,138,NPD_NUMBER:6184,stages a-d; decided at b_strip_prefixes; corroborated by NPD_NUMBER 6184 (from DDR NPD_CODE_WELL|NPD_CODE_WELLBORE '15/9-F-15'),data/landing/ddr/Well_technical_data/Daily Drilling Report - XML Version/15_9_F_15_2007_11_19.xml
DOC,15_9-F-15,15/9-F-15,15/9-F-15,,,NORMALIZED,0.95,ARCHIVE_ROOT_FOLDER,13,,stages a-d; decided at c_canonical_separators,DOC landing root
LOG,15/9-F-15,15/9-F-15,15/9-F-15,,StatoilHydro,EXACT,1.00,LAS_WELL,7,,already canonical,data/landing/log/15_9-F-15/02.LWD_EWL/WLC_RAW_BHPR-GR-MECH_MWD_1.LAS
LOG,15/9-F15,15/9-F-15,15/9-F-15,,XXXXX,NORMALIZED,0.95,LAS_WELL,2,,stages a-d; decided at c_canonical_separators,data/landing/log/15_9-F-15/13.GEOCHEM/GCH_REPORT_1_ENCL_2.LAS
LOG,15_9-F-15,15/9-F-15,15/9-F-15,,,NORMALIZED,0.95,ARCHIVE_ROOT_FOLDER,96,,stages a-d; decided at c_canonical_separators,LOG landing root
TRAJ,15/9-F-15,15/9-F-15,15/9-F-15,,,EXACT,1.00,XML_NAME_WELL,2,W_NUMBER:W-826806,already canonical; corroborated by W_NUMBER W-826806 (from TRAJ XML_NAME_WELL '15/9-F-15'),data/landing/traj/Norway-StatoilHydro-15-9-F-15/1/trajectory/1.xml
TRAJ,15/9-F-15 - Main Wellbore,15/9-F-15,15/9-F-15,,,NORMALIZED,0.90,XML_NAME_WELLBORE,2,B_NUMBER:B-826806,WITSML 'Main Wellbore' descriptor: the original hole of well 15/9-F-15; corroborated by B_NUMBER B-826806 (from TRAJ XML_NAME_WELLBORE '15/9-F-15 - Main Wellbore'),data/landing/traj/Norway-StatoilHydro-15-9-F-15/1/trajectory/1.xml
TRAJ,15_9-F-15,15/9-F-15,15/9-F-15,,,NORMALIZED,0.95,WELLBORE_FOLDER|WELL_FOLDER,17,,stages a-d; decided at c_canonical_separators,Well_technical_data/WellWellbore
TRAJ,B-826806,15/9-F-15,15/9-F-15,,,IDENTIFIER,1.00,XML_UID_WELLBORE,2,B_NUMBER:B-826806,B_NUMBER B-826806 (from TRAJ XML_NAME_WELLBORE '15/9-F-15 - Main Wellbore'),data/landing/traj/Norway-StatoilHydro-15-9-F-15/1/trajectory/1.xml
TRAJ,NO 15/9-F-15,15/9-F-15,15/9-F-15,,,NORMALIZED,0.95,XML_NAME_WELL,2,UUID:dd19bf7b-02a7-4383-9038-ce201cee4d91,stages a-d; decided at b_strip_prefixes; corroborated by UUID dd19bf7b-02a7-4383-9038-ce201cee4d91 (from TRAJ XML_NAME_WELL 'NO 15/9-F-15'),data/landing/traj/Norway-Statoil-NO_15-9-F-15/1/trajectory/1.xml
TRAJ,Norway-Statoil-NO 15_$47$_9-F-15,15/9-F-15,15/9-F-15,,Statoil,NORMALIZED,0.95,ARCHIVE_ROOT_FOLDER,4,,stages a-d; decided at c_canonical_separators,TRAJ landing root
TRAJ,Norway-StatoilHydro-15_$47$_9-F-15,15/9-F-15,15/9-F-15,,StatoilHydro,NORMALIZED,0.95,ARCHIVE_ROOT_FOLDER,3,,stages a-d; decided at c_canonical_separators,TRAJ landing root
TRAJ,W-826806,15/9-F-15,15/9-F-15,,,IDENTIFIER,1.00,XML_UID_WELL,2,W_NUMBER:W-826806,W_NUMBER W-826806 (from TRAJ XML_NAME_WELL '15/9-F-15'),data/landing/traj/Norway-StatoilHydro-15-9-F-15/1/trajectory/1.xml
TRAJ,dd19bf7b-02a7-4383-9038-ce201cee4d91,15/9-F-15,15/9-F-15,,,IDENTIFIER,1.00,XML_UID_WELL,2,UUID:dd19bf7b-02a7-4383-9038-ce201cee4d91,UUID dd19bf7b-02a7-4383-9038-ce201cee4d91 (from TRAJ XML_NAME_WELL 'NO 15/9-F-15'),data/landing/traj/Norway-Statoil-NO_15-9-F-15/1/trajectory/1.xml
WITSML,15/9-F-15,15/9-F-15,15/9-F-15,,,EXACT,1.00,XML_NAME_WELL,2,W_NUMBER:W-826806,already canonical; corroborated by W_NUMBER W-826806 (from TRAJ XML_NAME_WELL '15/9-F-15'),data/landing/witsml/Norway-StatoilHydro-15-9-F-15/1/_wellboreInfo/15_$47$_9-F-15 - Main Wellbore (B-826806)(NULL).xml
WITSML,15/9-F-15 - Main Wellbore,15/9-F-15,15/9-F-15,,,NORMALIZED,0.90,XML_NAME_WELLBORE,1,B_NUMBER:B-826806,WITSML 'Main Wellbore' descriptor: the original hole of well 15/9-F-15; corroborated by B_NUMBER B-826806 (from TRAJ XML_NAME_WELLBORE '15/9-F-15 - Main Wellbore'),data/landing/witsml/Norway-StatoilHydro-15-9-F-15/1/_wellboreInfo/15_$47$_9-F-15 - Main Wellbore (B-826806)(NULL).xml
WITSML,B-826806,15/9-F-15,15/9-F-15,,,IDENTIFIER,1.00,XML_UID_WELLBORE,1,B_NUMBER:B-826806,B_NUMBER B-826806 (from TRAJ XML_NAME_WELLBORE '15/9-F-15 - Main Wellbore'),data/landing/witsml/Norway-StatoilHydro-15-9-F-15/1/_wellboreInfo/15_$47$_9-F-15 - Main Wellbore (B-826806)(NULL).xml
WITSML,NO 15/9-F-15,15/9-F-15,15/9-F-15,,,NORMALIZED,0.95,XML_NAME_WELL,2795,UUID:dd19bf7b-02a7-4383-9038-ce201cee4d91,stages a-d; decided at b_strip_prefixes; corroborated by UUID dd19bf7b-02a7-4383-9038-ce201cee4d91 (from TRAJ XML_NAME_WELL 'NO 15/9-F-15'),data/landing/witsml/Norway-Statoil-NO_15-9-F-15/1/_wellboreInfo/NO 15_$47$_9-F-15 C (9ab4989d-11c6-4ac1-83c1-e74362292dd8)(NULL).xml
WITSML,Norway-Statoil-NO 15_$47$_9-F-15,15/9-F-15,15/9-F-15,,Statoil,NORMALIZED,0.95,ARCHIVE_ROOT_FOLDER,2813,,stages a-d; decided at c_canonical_separators,WITSML landing root
WITSML,Norway-StatoilHydro-15_$47$_9-F-15,15/9-F-15,15/9-F-15,,StatoilHydro,NORMALIZED,0.95,ARCHIVE_ROOT_FOLDER,6,,stages a-d; decided at c_canonical_separators,WITSML landing root
WITSML,W-826806,15/9-F-15,15/9-F-15,,,IDENTIFIER,1.00,XML_UID_WELL,2,W_NUMBER:W-826806,W_NUMBER W-826806 (from TRAJ XML_NAME_WELL '15/9-F-15'),data/landing/witsml/Norway-StatoilHydro-15-9-F-15/1/_wellboreInfo/15_$47$_9-F-15 - Main Wellbore (B-826806)(NULL).xml
WITSML,dd19bf7b-02a7-4383-9038-ce201cee4d91,15/9-F-15,15/9-F-15,,,IDENTIFIER,1.00,XML_UID_WELL,2795,UUID:dd19bf7b-02a7-4383-9038-ce201cee4d91,UUID dd19bf7b-02a7-4383-9038-ce201cee4d91 (from TRAJ XML_NAME_WELL 'NO 15/9-F-15'),data/landing/witsml/Norway-Statoil-NO_15-9-F-15/1/_wellboreInfo/NO 15_$47$_9-F-15 C (9ab4989d-11c6-4ac1-83c1-e74362292dd8)(NULL).xml
ARCHIVE,15_9-F-15 A,15/9-F-15 A,15/9-F-15,A,,NORMALIZED,0.95,ARCHIVE_NAME,129,,stages a-d; decided at d_split_sidetrack,15_9-F-15 A.zip
ARCHIVE,Norway-StatoilHydro-15_$47$_9-F-15A,15/9-F-15 A,15/9-F-15,A,StatoilHydro,NORMALIZED,0.95,ARCHIVE_NAME,9,,stages a-d; decided at d_split_sidetrack,Norway-StatoilHydro-15_$47$_9-F-15A.zip
DDR,15/9-F-15 A,15/9-F-15 A,15/9-F-15,A,,EXACT,1.00,NPD_CODE_WELL|NPD_CODE_WELLBORE,68,NPD_NUMBER:5785,already canonical; corroborated by NPD_NUMBER 5785 (from DDR NPD_CODE_WELL|NPD_CODE_WELLBORE '15/9-F-15 A'),data/landing/ddr/Well_technical_data/Daily Drilling Report - XML Version/15_9_F_15_A_2008_12_12.xml
DDR,15_9_F_15_A,15/9-F-15 A,15/9-F-15,A,,NORMALIZED,0.95,FILE_NAME,102,,stages a-d; decided at d_split_sidetrack,Daily Drilling Report file names
DDR,5785,15/9-F-15 A,15/9-F-15,A,,IDENTIFIER,1.00,NPD_NUMBER,34,NPD_NUMBER:5785,NPD_NUMBER 5785 (from DDR NPD_CODE_WELL|NPD_CODE_WELLBORE '15/9-F-15 A'),data/landing/ddr/Well_technical_data/Daily Drilling Report - XML Version/15_9_F_15_A_2008_12_12.xml
DDR,NO 15/9-F-15 A,15/9-F-15 A,15/9-F-15,A,,NORMALIZED,0.95,XML_NAME_WELL|XML_NAME_WELLBORE,68,NPD_NUMBER:5785,stages a-d; decided at d_split_sidetrack; corroborated by NPD_NUMBER 5785 (from DDR NPD_CODE_WELL|NPD_CODE_WELLBORE '15/9-F-15 A'),data/landing/ddr/Well_technical_data/Daily Drilling Report - XML Version/15_9_F_15_A_2008_12_12.xml
DOC,15_9-F-15 A,15/9-F-15 A,15/9-F-15,A,,NORMALIZED,0.95,ARCHIVE_ROOT_FOLDER,6,,stages a-d; decided at d_split_sidetrack,DOC landing root
LOG,15/9-F-15 A,15/9-F-15 A,15/9-F-15,A,StatoilHydro,EXACT,1.00,LAS_WELL,14,,already canonical,data/landing/log/15_9-F-15_A/02.LWD_EWL/WLC_RAW_BHPR-GR-MECH_MWD_1.LAS
LOG,15/9-F-15A,15/9-F-15 A,15/9-F-15,A,STATOILHYDRO,NORMALIZED,0.95,LAS_WELL,7,,stages a-d; decided at d_split_sidetrack,data/landing/vsp/15_9-F-15_A/08.VSP_VELOCITY/TZV_TIME_SYNSEIS_1.LAS
LOG,15_9-F-15 A,15/9-F-15 A,15/9-F-15,A,,NORMALIZED,0.95,ARCHIVE_ROOT_FOLDER,66,,stages a-d; decided at d_split_sidetrack,LOG landing root
LOG,NO_15/9-F-15_A,15/9-F-15 A,15/9-F-15,A,,NORMALIZED,0.95,LAS_WELL,1,,stages a-d; decided at d_split_sidetrack,data/landing/log/15_9-F-15_A/05.PETROPHYSICAL INTERPRETATION/geomod09/NO_15_9-F-15_A_KLOGH_NEW.las
TRAJ,15/9-F-15A,15/9-F-15 A,15/9-F-15,A,,NORMALIZED,0.95,XML_NAME_WELL,2,W_NUMBER:W-861401,stages a-d; decided at d_split_sidetrack; corroborated by W_NUMBER W-861401 (from TRAJ XML_NAME_WELL '15/9-F-15A'),data/landing/traj/Norway-StatoilHydro-15-9-F-15A/1/trajectory/1.xml
TRAJ,15/9-F-15A - Main Wellbore,15/9-F-15 A,15/9-F-15,A,,NORMALIZED,0.90,XML_NAME_WELLBORE,2,B_NUMBER:B-861401,WITSML 'Main Wellbore' descriptor: the original hole of well 15/9-F-15 A; corroborated by B_NUMBER B-861401 (from TRAJ XML_NAME_WELLBORE '15/9-F-15A - Main Wellbore'),data/landing/traj/Norway-StatoilHydro-15-9-F-15A/1/trajectory/1.xml
TRAJ,15_9-F-15 A,15/9-F-15 A,15/9-F-15,A,,NORMALIZED,0.95,WELLBORE_FOLDER,2,,stages a-d; decided at d_split_sidetrack,Well_technical_data/WellWellbore
TRAJ,B-861401,15/9-F-15 A,15/9-F-15,A,,IDENTIFIER,1.00,XML_UID_WELLBORE,2,B_NUMBER:B-861401,B_NUMBER B-861401 (from TRAJ XML_NAME_WELLBORE '15/9-F-15A - Main Wellbore'),data/landing/traj/Norway-StatoilHydro-15-9-F-15A/1/trajectory/1.xml
TRAJ,Norway-StatoilHydro-15_$47$_9-F-15A,15/9-F-15 A,15/9-F-15,A,StatoilHydro,NORMALIZED,0.95,ARCHIVE_ROOT_FOLDER,3,,stages a-d; decided at d_split_sidetrack,TRAJ landing root
TRAJ,W-861401,15/9-F-15 A,15/9-F-15,A,,IDENTIFIER,1.00,XML_UID_WELL,2,W_NUMBER:W-861401,W_NUMBER W-861401 (from TRAJ XML_NAME_WELL '15/9-F-15A'),data/landing/traj/Norway-StatoilHydro-15-9-F-15A/1/trajectory/1.xml
VSP,15_9-F-15 A,15/9-F-15 A,15/9-F-15,A,,NORMALIZED,0.95,ARCHIVE_ROOT_FOLDER,57,,stages a-d; decided at d_split_sidetrack,VSP landing root
WITSML,15/9-F-15A,15/9-F-15 A,15/9-F-15,A,,NORMALIZED,0.95,XML_NAME_WELL,2,W_NUMBER:W-861401,stages a-d; decided at d_split_sidetrack; corroborated by W_NUMBER W-861401 (from TRAJ XML_NAME_WELL '15/9-F-15A'),data/landing/witsml/Norway-StatoilHydro-15-9-F-15A/1/_wellboreInfo/15_$47$_9-F-15A - Main Wellbore (B-861401)(NULL).xml
WITSML,15/9-F-15A - Main Wellbore,15/9-F-15 A,15/9-F-15,A,,NORMALIZED,0.90,XML_NAME_WELLBORE,1,B_NUMBER:B-861401,WITSML 'Main Wellbore' descriptor: the original hole of well 15/9-F-15 A; corroborated by B_NUMBER B-861401 (from TRAJ XML_NAME_WELLBORE '15/9-F-15A - Main Wellbore'),data/landing/witsml/Norway-StatoilHydro-15-9-F-15A/1/_wellboreInfo/15_$47$_9-F-15A - Main Wellbore (B-861401)(NULL).xml
WITSML,B-861401,15/9-F-15 A,15/9-F-15,A,,IDENTIFIER,1.00,XML_UID_WELLBORE,1,B_NUMBER:B-861401,B_NUMBER B-861401 (from TRAJ XML_NAME_WELLBORE '15/9-F-15A - Main Wellbore'),data/landing/witsml/Norway-StatoilHydro-15-9-F-15A/1/_wellboreInfo/15_$47$_9-F-15A - Main Wellbore (B-861401)(NULL).xml
WITSML,Norway-StatoilHydro-15_$47$_9-F-15A,15/9-F-15 A,15/9-F-15,A,StatoilHydro,NORMALIZED,0.95,ARCHIVE_ROOT_FOLDER,6,,stages a-d; decided at d_split_sidetrack,WITSML landing root
WITSML,W-861401,15/9-F-15 A,15/9-F-15,A,,IDENTIFIER,1.00,XML_UID_WELL,2,W_NUMBER:W-861401,W_NUMBER W-861401 (from TRAJ XML_NAME_WELL '15/9-F-15A'),data/landing/witsml/Norway-StatoilHydro-15-9-F-15A/1/_wellboreInfo/15_$47$_9-F-15A - Main Wellbore (B-861401)(NULL).xml
ARCHIVE,15_9-F-15 B,15/9-F-15 B,15/9-F-15,B,,NORMALIZED,0.95,ARCHIVE_NAME,51,,stages a-d; decided at d_split_sidetrack,15_9-F-15 B.zip
ARCHIVE,Norway-StatoilHydro-15_$47$_9-F-15B,15/9-F-15 B,15/9-F-15,B,StatoilHydro,NORMALIZED,0.95,ARCHIVE_NAME,8,,stages a-d; decided at d_split_sidetrack,Norway-StatoilHydro-15_$47$_9-F-15B.zip
DDR,15/9-F-15 B,15/9-F-15 B,15/9-F-15,B,,EXACT,1.00,NPD_CODE_WELL|NPD_CODE_WELLBORE,12,NPD_NUMBER:6046,already canonical; corroborated by NPD_NUMBER 6046 (from DDR NPD_CODE_WELL|NPD_CODE_WELLBORE '15/9-F-15 B'),data/landing/ddr/Well_technical_data/Daily Drilling Report - XML Version/15_9_F_15_B_2009_01_14.xml
DDR,15_9_F_15_B,15/9-F-15 B,15/9-F-15,B,,NORMALIZED,0.95,FILE_NAME,18,,stages a-d; decided at d_split_sidetrack,Daily Drilling Report file names
DDR,6046,15/9-F-15 B,15/9-F-15,B,,IDENTIFIER,1.00,NPD_NUMBER,6,NPD_NUMBER:6046,NPD_NUMBER 6046 (from DDR NPD_CODE_WELL|NPD_CODE_WELLBORE '15/9-F-15 B'),data/landing/ddr/Well_technical_data/Daily Drilling Report - XML Version/15_9_F_15_B_2009_01_14.xml
DDR,NO 15/9-F-15 B,15/9-F-15 B,15/9-F-15,B,,NORMALIZED,0.95,XML_NAME_WELL|XML_NAME_WELLBORE,12,NPD_NUMBER:6046,stages a-d; decided at d_split_sidetrack; corroborated by NPD_NUMBER 6046 (from DDR NPD_CODE_WELL|NPD_CODE_WELLBORE '15/9-F-15 B'),data/landing/ddr/Well_technical_data/Daily Drilling Report - XML Version/15_9_F_15_B_2009_01_14.xml
DOC,15_9-F-15 B,15/9-F-15 B,15/9-F-15,B,,NORMALIZED,0.95,ARCHIVE_ROOT_FOLDER,6,,stages a-d; decided at d_split_sidetrack,DOC landing root
LOG,15/9-F-15 B,15/9-F-15 B,15/9-F-15,B,StatoilHydro,EXACT,1.00,LAS_WELL,4,,already canonical,data/landing/log/15_9-F-15_B/03.PRESSURE/FM_PRESS_RAW_RUN11_MWD_1.LAS
LOG,15/9-F-15B,15/9-F-15 B,15/9-F-15,B,StatoilHydro,NORMALIZED,0.95,LAS_WELL,2,,stages a-d; decided at d_split_sidetrack,data/landing/log/15_9-F-15_B/02.LWD_EWL/WL_RAW_BHPR-GR-MECH_MWD_1.LAS
LOG,15_9-F-15 B,15/9-F-15 B,15/9-F-15,B,,NORMALIZED,0.95,ARCHIVE_ROOT_FOLDER,45,,stages a-d; decided at d_split_sidetrack,LOG landing root
LOG,NO_15/9-F-15_B,15/9-F-15 B,15/9-F-15,B,,NORMALIZED,0.95,LAS_WELL,1,,stages a-d; decided at d_split_sidetrack,data/landing/log/15_9-F-15_B/05.PETROPHYSICAL INTERPRETATION/geomod09/NO_15_9-F-15_B_KLOGH_NEW.las
TRAJ,15/9-F-15B,15/9-F-15 B,15/9-F-15,B,,NORMALIZED,0.95,XML_NAME_WELL,1,W_NUMBER:W-854763,stages a-d; decided at d_split_sidetrack; corroborated by W_NUMBER W-854763 (from TRAJ XML_NAME_WELL '15/9-F-15B'),data/landing/traj/Norway-StatoilHydro-15-9-F-15B/1/trajectory/1.xml
TRAJ,15/9-F-15B - Main Wellbore,15/9-F-15 B,15/9-F-15,B,,NORMALIZED,0.90,XML_NAME_WELLBORE,1,B_NUMBER:B-854763,WITSML 'Main Wellbore' descriptor: the original hole of well 15/9-F-15 B; corroborated by B_NUMBER B-854763 (from TRAJ XML_NAME_WELLBORE '15/9-F-15B - Main Wellbore'),data/landing/traj/Norway-StatoilHydro-15-9-F-15B/1/trajectory/1.xml
TRAJ,15_9-F-15 B,15/9-F-15 B,15/9-F-15,B,,NORMALIZED,0.95,WELLBORE_FOLDER,4,,stages a-d; decided at d_split_sidetrack,Well_technical_data/WellWellbore
TRAJ,B-854763,15/9-F-15 B,15/9-F-15,B,,IDENTIFIER,1.00,XML_UID_WELLBORE,1,B_NUMBER:B-854763,B_NUMBER B-854763 (from TRAJ XML_NAME_WELLBORE '15/9-F-15B - Main Wellbore'),data/landing/traj/Norway-StatoilHydro-15-9-F-15B/1/trajectory/1.xml
TRAJ,Norway-StatoilHydro-15_$47$_9-F-15B,15/9-F-15 B,15/9-F-15,B,StatoilHydro,NORMALIZED,0.95,ARCHIVE_ROOT_FOLDER,2,,stages a-d; decided at d_split_sidetrack,TRAJ landing root
TRAJ,W-854763,15/9-F-15 B,15/9-F-15,B,,IDENTIFIER,1.00,XML_UID_WELL,1,W_NUMBER:W-854763,W_NUMBER W-854763 (from TRAJ XML_NAME_WELL '15/9-F-15B'),data/landing/traj/Norway-StatoilHydro-15-9-F-15B/1/trajectory/1.xml
WITSML,15/9-F-15B,15/9-F-15 B,15/9-F-15,B,,NORMALIZED,0.95,XML_NAME_WELL,2,W_NUMBER:W-854763,stages a-d; decided at d_split_sidetrack; corroborated by W_NUMBER W-854763 (from TRAJ XML_NAME_WELL '15/9-F-15B'),data/landing/witsml/Norway-StatoilHydro-15-9-F-15B/1/_wellboreInfo/15_$47$_9-F-15B - Main Wellbore (B-854763)(NULL).xml
WITSML,15/9-F-15B - Main Wellbore,15/9-F-15 B,15/9-F-15,B,,NORMALIZED,0.90,XML_NAME_WELLBORE,1,B_NUMBER:B-854763,WITSML 'Main Wellbore' descriptor: the original hole of well 15/9-F-15 B; corroborated by B_NUMBER B-854763 (from TRAJ XML_NAME_WELLBORE '15/9-F-15B - Main Wellbore'),data/landing/witsml/Norway-StatoilHydro-15-9-F-15B/1/_wellboreInfo/15_$47$_9-F-15B - Main Wellbore (B-854763)(NULL).xml
WITSML,B-854763,15/9-F-15 B,15/9-F-15,B,,IDENTIFIER,1.00,XML_UID_WELLBORE,1,B_NUMBER:B-854763,B_NUMBER B-854763 (from TRAJ XML_NAME_WELLBORE '15/9-F-15B - Main Wellbore'),data/landing/witsml/Norway-StatoilHydro-15-9-F-15B/1/_wellboreInfo/15_$47$_9-F-15B - Main Wellbore (B-854763)(NULL).xml
WITSML,Norway-StatoilHydro-15_$47$_9-F-15B,15/9-F-15 B,15/9-F-15,B,StatoilHydro,NORMALIZED,0.95,ARCHIVE_ROOT_FOLDER,6,,stages a-d; decided at d_split_sidetrack,WITSML landing root
WITSML,W-854763,15/9-F-15 B,15/9-F-15,B,,IDENTIFIER,1.00,XML_UID_WELL,2,W_NUMBER:W-854763,W_NUMBER W-854763 (from TRAJ XML_NAME_WELL '15/9-F-15B'),data/landing/witsml/Norway-StatoilHydro-15-9-F-15B/1/_wellboreInfo/15_$47$_9-F-15B - Main Wellbore (B-854763)(NULL).xml
ARCHIVE,15_9-F-15 C,15/9-F-15 C,15/9-F-15,C,,NORMALIZED,0.95,ARCHIVE_NAME,92,,stages a-d; decided at d_split_sidetrack,15_9-F-15 C.zip
DDR,15/9-F-15 C,15/9-F-15 C,15/9-F-15,C,,EXACT,1.00,NPD_CODE_WELL|NPD_CODE_WELLBORE,168,NPD_NUMBER:5794,already canonical; corroborated by NPD_NUMBER 5794 (from DDR NPD_CODE_WELL|NPD_CODE_WELLBORE '15/9-F-15 C'),data/landing/ddr/Well_technical_data/Daily Drilling Report - XML Version/15_9_F_15_C_2009_01_19.xml
DDR,15_9_F_15_C,15/9-F-15 C,15/9-F-15,C,,NORMALIZED,0.95,FILE_NAME,252,,stages a-d; decided at d_split_sidetrack,Daily Drilling Report file names
DDR,5794,15/9-F-15 C,15/9-F-15,C,,IDENTIFIER,1.00,NPD_NUMBER,84,NPD_NUMBER:5794,NPD_NUMBER 5794 (from DDR NPD_CODE_WELL|NPD_CODE_WELLBORE '15/9-F-15 C'),data/landing/ddr/Well_technical_data/Daily Drilling Report - XML Version/15_9_F_15_C_2009_01_19.xml
DDR,NO 15/9-F-15 C,15/9-F-15 C,15/9-F-15,C,,NORMALIZED,0.95,XML_NAME_WELL|XML_NAME_WELLBORE,168,NPD_NUMBER:5794,stages a-d; decided at d_split_sidetrack; corroborated by NPD_NUMBER 5794 (from DDR NPD_CODE_WELL|NPD_CODE_WELLBORE '15/9-F-15 C'),data/landing/ddr/Well_technical_data/Daily Drilling Report - XML Version/15_9_F_15_C_2009_01_19.xml
DOC,15_9-F-15 C,15/9-F-15 C,15/9-F-15,C,,NORMALIZED,0.95,ARCHIVE_ROOT_FOLDER,5,,stages a-d; decided at d_split_sidetrack,DOC landing root
LOG,15/9-F-15 C,15/9-F-15 C,15/9-F-15,C,StatoilHydro,EXACT,1.00,LAS_WELL,14,,already canonical,data/landing/log/15_9-F-15_C/12.BIOSTRAT/NO_15_9-F-15_C.las
LOG,15_9-F-15 C,15/9-F-15 C,15/9-F-15,C,,NORMALIZED,0.95,ARCHIVE_ROOT_FOLDER,87,,stages a-d; decided at d_split_sidetrack,LOG landing root
LOG,NO 15/9-F-15 C,15/9-F-15 C,15/9-F-15,C,,NORMALIZED,0.95,LAS_UWI,1,,stages a-d; decided at d_split_sidetrack,data/landing/log/15_9-F-15_C/12.BIOSTRAT/NO_15_9-F-15_C.las
LOG,NO_15/9-F-15_C,15/9-F-15 C,15/9-F-15,C,,NORMALIZED,0.95,LAS_WELL,1,,stages a-d; decided at d_split_sidetrack,data/landing/log/15_9-F-15_C/05.PETROPHYSICAL INTERPRETATION/geomod09/NO_15_9-F-15_C_KLOGH_NEW.las
SIM,P-F-15C,15/9-F-15 C,15/9-F-15,C,,NORMALIZED,0.70,ECLIPSE_WELSPECS,2,,"simulator producer name; block 15/9 assumed because the name omits it, then corroborated by a source that named its own block",data/landing/sim/Reservoir_Model-Eclipse_model/Volve_sim_model_PPA-Eclipse Res Model/MOD2013_VOLVE_HM_NTRANS_BASE-SHUT-DEF-F11-BHP-F12-3.SCH
TRAJ,15_9-F-15 C,15/9-F-15 C,15/9-F-15,C,,NORMALIZED,0.95,WELLBORE_FOLDER,2,,stages a-d; decided at d_split_sidetrack,Well_technical_data/WellWellbore
TRAJ,9ab4989d-11c6-4ac1-83c1-e74362292dd8,15/9-F-15 C,15/9-F-15,C,,IDENTIFIER,1.00,XML_UID_WELLBORE,1,UUID:9ab4989d-11c6-4ac1-83c1-e74362292dd8,UUID 9ab4989d-11c6-4ac1-83c1-e74362292dd8 (from TRAJ XML_NAME_WELLBORE 'NO 15/9-F-15 C'),data/landing/traj/Norway-Statoil-NO_15-9-F-15/1/trajectory/1.xml
TRAJ,NO 15/9-F-15 C,15/9-F-15 C,15/9-F-15,C,,NORMALIZED,0.95,XML_NAME_WELLBORE,1,UUID:9ab4989d-11c6-4ac1-83c1-e74362292dd8,stages a-d; decided at d_split_sidetrack; corroborated by UUID 9ab4989d-11c6-4ac1-83c1-e74362292dd8 (from TRAJ XML_NAME_WELLBORE 'NO 15/9-F-15 C'),data/landing/traj/Norway-Statoil-NO_15-9-F-15/1/trajectory/1.xml
WITSML,9ab4989d-11c6-4ac1-83c1-e74362292dd8,15/9-F-15 C,15/9-F-15,C,,IDENTIFIER,1.00,XML_UID_WELLBORE,532,UUID:9ab4989d-11c6-4ac1-83c1-e74362292dd8,UUID 9ab4989d-11c6-4ac1-83c1-e74362292dd8 (from TRAJ XML_NAME_WELLBORE 'NO 15/9-F-15 C'),data/landing/witsml/Norway-Statoil-NO_15-9-F-15/1/_wellboreInfo/NO 15_$47$_9-F-15 C (9ab4989d-11c6-4ac1-83c1-e74362292dd8)(NULL).xml
WITSML,NO 15/9-F-15 C,15/9-F-15 C,15/9-F-15,C,,NORMALIZED,0.95,XML_NAME_WELLBORE,532,UUID:9ab4989d-11c6-4ac1-83c1-e74362292dd8,stages a-d; decided at d_split_sidetrack; corroborated by UUID 9ab4989d-11c6-4ac1-83c1-e74362292dd8 (from TRAJ XML_NAME_WELLBORE 'NO 15/9-F-15 C'),data/landing/witsml/Norway-Statoil-NO_15-9-F-15/1/_wellboreInfo/NO 15_$47$_9-F-15 C (9ab4989d-11c6-4ac1-83c1-e74362292dd8)(NULL).xml
ARCHIVE,15_9-F-15 D,15/9-F-15 D,15/9-F-15,D,,NORMALIZED,0.95,ARCHIVE_NAME,76,,stages a-d; decided at d_split_sidetrack,15_9-F-15 D.zip
DDR,15/9-F-15 D,15/9-F-15 D,15/9-F-15,D,,EXACT,1.00,NPD_CODE_WELL|NPD_CODE_WELLBORE,198,NPD_NUMBER:7289,already canonical; corroborated by NPD_NUMBER 7289 (from DDR NPD_CODE_WELL|NPD_CODE_WELLBORE '15/9-F-15 D'),data/landing/ddr/Well_technical_data/Daily Drilling Report - XML Version/15_9_F_15_D_2013_11_11.xml
DDR,15_9_F_15_D,15/9-F-15 D,15/9-F-15,D,,NORMALIZED,0.95,FILE_NAME,297,,stages a-d; decided at d_split_sidetrack,Daily Drilling Report file names
DDR,7289,15/9-F-15 D,15/9-F-15,D,,IDENTIFIER,1.00,NPD_NUMBER,99,NPD_NUMBER:7289,NPD_NUMBER 7289 (from DDR NPD_CODE_WELL|NPD_CODE_WELLBORE '15/9-F-15 D'),data/landing/ddr/Well_technical_data/Daily Drilling Report - XML Version/15_9_F_15_D_2013_11_11.xml
DDR,NO 15/9-F-15 D,15/9-F-15 D,15/9-F-15,D,,NORMALIZED,0.95,XML_NAME_WELL|XML_NAME_WELLBORE,198,NPD_NUMBER:7289,stages a-d; decided at d_split_sidetrack; corroborated by NPD_NUMBER 7289 (from DDR NPD_CODE_WELL|NPD_CODE_WELLBORE '15/9-F-15 D'),data/landing/ddr/Well_technical_data/Daily Drilling Report - XML Version/15_9_F_15_D_2013_11_11.xml
DOC,15_9-F-15 D,15/9-F-15 D,15/9-F-15,D,,NORMALIZED,0.95,ARCHIVE_ROOT_FOLDER,14,,stages a-d; decided at d_split_sidetrack,DOC landing root
LOG,15/9-F-15 D,15/9-F-15 D,15/9-F-15,D,STATOIL PETROLEUM AS,EXACT,1.00,LAS_WELL,2,,already canonical,data/landing/log/15_9-F-15_D/05.PETROPHYSICAL INTERPRETATION/WLC_PETRO_COMPUTED_INPUT_1.LAS
LOG,15_9-F-15 D,15/9-F-15 D,15/9-F-15,D,,NORMALIZED,0.95,ARCHIVE_ROOT_FOLDER,62,,stages a-d; decided at d_split_sidetrack,LOG landing root
PROD,15/9-F-15 D,15/9-F-15 D,15/9-F-15,D,,EXACT,1.00,MONTHLY_WELLBORE_NAME|NPD_WELL_BORE_NAME,1011,NPD_NUMBER:7289,already canonical; corroborated by NPD_NUMBER 7289 (from DDR NPD_CODE_WELL|NPD_CODE_WELLBORE '15/9-F-15 D'),data/landing/prod/Production_data/Volve production data.xlsx
PROD,7289,15/9-F-15 D,15/9-F-15,D,,IDENTIFIER,1.00,NPD_WELL_BORE_CODE,978,NPD_NUMBER:7289,NPD_NUMBER 7289 (from DDR NPD_CODE_WELL|NPD_CODE_WELLBORE '15/9-F-15 D'),data/landing/prod/Production_data/Volve production data.xlsx
PROD,NO 15/9-F-15 D,15/9-F-15 D,15/9-F-15,D,,NORMALIZED,0.95,WELL_BORE_CODE,978,NPD_NUMBER:7289,stages a-d; decided at d_split_sidetrack; corroborated by NPD_NUMBER 7289 (from DDR NPD_CODE_WELL|NPD_CODE_WELLBORE '15/9-F-15 D'),data/landing/prod/Production_data/Volve production data.xlsx
SIM,P-F-15D,15/9-F-15 D,15/9-F-15,D,,NORMALIZED,0.70,ECLIPSE_WELSPECS,2,,"simulator producer name; block 15/9 assumed because the name omits it, then corroborated by a source that named its own block",data/landing/sim/Reservoir_Model-Eclipse_model/Volve_sim_model_PPA-Eclipse Res Model/MOD2010_VOLVE_AMAP2012_WELLS_IOR_N_UPPERHUGIN_L-F15D.SCH
TRAJ,15_9-F-15 D,15/9-F-15 D,15/9-F-15,D,,NORMALIZED,0.95,WELLBORE_FOLDER,4,,stages a-d; decided at d_split_sidetrack,Well_technical_data/WellWellbore
TRAJ,NO 15/9-F-15 D,15/9-F-15 D,15/9-F-15,D,,NORMALIZED,0.95,XML_NAME_WELLBORE,1,UUID:e0cab46e-aa2a-4d69-b466-108dafd4ae62,stages a-d; decided at d_split_sidetrack; corroborated by UUID e0cab46e-aa2a-4d69-b466-108dafd4ae62 (from TRAJ XML_NAME_WELLBORE 'NO 15/9-F-15 D'),data/landing/traj/Norway-Statoil-NO_15-9-F-15/2/trajectory/1.xml
TRAJ,e0cab46e-aa2a-4d69-b466-108dafd4ae62,15/9-F-15 D,15/9-F-15,D,,IDENTIFIER,1.00,XML_UID_WELLBORE,1,UUID:e0cab46e-aa2a-4d69-b466-108dafd4ae62,UUID e0cab46e-aa2a-4d69-b466-108dafd4ae62 (from TRAJ XML_NAME_WELLBORE 'NO 15/9-F-15 D'),data/landing/traj/Norway-Statoil-NO_15-9-F-15/2/trajectory/1.xml
WITSML,NO 15/9-F-15 D,15/9-F-15 D,15/9-F-15,D,,NORMALIZED,0.95,XML_NAME_WELLBORE,2262,UUID:e0cab46e-aa2a-4d69-b466-108dafd4ae62,stages a-d; decided at d_split_sidetrack; corroborated by UUID e0cab46e-aa2a-4d69-b466-108dafd4ae62 (from TRAJ XML_NAME_WELLBORE 'NO 15/9-F-15 D'),data/landing/witsml/Norway-Statoil-NO_15-9-F-15/2/_wellboreInfo/NO 15_$47$_9-F-15 D (e0cab46e-aa2a-4d69-b466-108dafd4ae62)(NULL).xml
WITSML,e0cab46e-aa2a-4d69-b466-108dafd4ae62,15/9-F-15 D,15/9-F-15,D,,IDENTIFIER,1.00,XML_UID_WELLBORE,2262,UUID:e0cab46e-aa2a-4d69-b466-108dafd4ae62,UUID e0cab46e-aa2a-4d69-b466-108dafd4ae62 (from TRAJ XML_NAME_WELLBORE 'NO 15/9-F-15 D'),data/landing/witsml/Norway-Statoil-NO_15-9-F-15/2/_wellboreInfo/NO 15_$47$_9-F-15 D (e0cab46e-aa2a-4d69-b466-108dafd4ae62)(NULL).xml
ARCHIVE,Norway-StatoilHydro-15_$47$_9-F-15S,15/9-F-15 S,15/9-F-15,S,StatoilHydro,NORMALIZED,0.95,ARCHIVE_NAME,9,,stages a-d; decided at d_split_sidetrack,Norway-StatoilHydro-15_$47$_9-F-15S.zip
LOG,15/9-F15S,15/9-F-15 S,15/9-F-15,S,XXXXX,NORMALIZED,0.95,LAS_WELL,2,,stages a-d; decided at d_split_sidetrack,data/landing/log/15_9-F-15/13.GEOCHEM/FI090048b_enclosures/FI090048b-2.las
TRAJ,15/9-F-15S,15/9-F-15 S,15/9-F-15,S,,NORMALIZED,0.95,XML_NAME_WELL,2,W_NUMBER:W-744206,stages a-d; decided at d_split_sidetrack; corroborated by W_NUMBER W-744206 (from TRAJ XML_NAME_WELL '15/9-F-15S'),data/landing/traj/Norway-StatoilHydro-15-9-F-15S/1/trajectory/1.xml
TRAJ,15/9-F-15S - Main Wellbore,15/9-F-15 S,15/9-F-15,S,,NORMALIZED,0.90,XML_NAME_WELLBORE,2,B_NUMBER:B-744206,WITSML 'Main Wellbore' descriptor: the original hole of well 15/9-F-15 S; corroborated by B_NUMBER B-744206 (from TRAJ XML_NAME_WELLBORE '15/9-F-15S - Main Wellbore'),data/landing/traj/Norway-StatoilHydro-15-9-F-15S/1/trajectory/1.xml
TRAJ,B-744206,15/9-F-15 S,15/9-F-15,S,,IDENTIFIER,1.00,XML_UID_WELLBORE,2,B_NUMBER:B-744206,B_NUMBER B-744206 (from TRAJ XML_NAME_WELLBORE '15/9-F-15S - Main Wellbore'),data/landing/traj/Norway-StatoilHydro-15-9-F-15S/1/trajectory/1.xml
TRAJ,Norway-StatoilHydro-15_$47$_9-F-15S,15/9-F-15 S,15/9-F-15,S,StatoilHydro,NORMALIZED,0.95,ARCHIVE_ROOT_FOLDER,3,,stages a-d; decided at d_split_sidetrack,TRAJ landing root
TRAJ,W-744206,15/9-F-15 S,15/9-F-15,S,,IDENTIFIER,1.00,XML_UID_WELL,2,W_NUMBER:W-744206,W_NUMBER W-744206 (from TRAJ XML_NAME_WELL '15/9-F-15S'),data/landing/traj/Norway-StatoilHydro-15-9-F-15S/1/trajectory/1.xml
WITSML,15/9-F-15S,15/9-F-15 S,15/9-F-15,S,,NORMALIZED,0.95,XML_NAME_WELL,2,W_NUMBER:W-744206,stages a-d; decided at d_split_sidetrack; corroborated by W_NUMBER W-744206 (from TRAJ XML_NAME_WELL '15/9-F-15S'),data/landing/witsml/Norway-StatoilHydro-15-9-F-15S/1/_wellboreInfo/15_$47$_9-F-15S - Main Wellbore (B-744206)(NULL).xml
WITSML,15/9-F-15S - Main Wellbore,15/9-F-15 S,15/9-F-15,S,,NORMALIZED,0.90,XML_NAME_WELLBORE,1,B_NUMBER:B-744206,WITSML 'Main Wellbore' descriptor: the original hole of well 15/9-F-15 S; corroborated by B_NUMBER B-744206 (from TRAJ XML_NAME_WELLBORE '15/9-F-15S - Main Wellbore'),data/landing/witsml/Norway-StatoilHydro-15-9-F-15S/1/_wellboreInfo/15_$47$_9-F-15S - Main Wellbore (B-744206)(NULL).xml
WITSML,B-744206,15/9-F-15 S,15/9-F-15,S,,IDENTIFIER,1.00,XML_UID_WELLBORE,1,B_NUMBER:B-744206,B_NUMBER B-744206 (from TRAJ XML_NAME_WELLBORE '15/9-F-15S - Main Wellbore'),data/landing/witsml/Norway-StatoilHydro-15-9-F-15S/1/_wellboreInfo/15_$47$_9-F-15S - Main Wellbore (B-744206)(NULL).xml
WITSML,Norway-StatoilHydro-15_$47$_9-F-15S,15/9-F-15 S,15/9-F-15,S,StatoilHydro,NORMALIZED,0.95,ARCHIVE_ROOT_FOLDER,6,,stages a-d; decided at d_split_sidetrack,WITSML landing root
WITSML,W-744206,15/9-F-15 S,15/9-F-15,S,,IDENTIFIER,1.00,XML_UID_WELL,2,W_NUMBER:W-744206,W_NUMBER W-744206 (from TRAJ XML_NAME_WELL '15/9-F-15S'),data/landing/witsml/Norway-StatoilHydro-15-9-F-15S/1/_wellboreInfo/15_$47$_9-F-15S - Main Wellbore (B-744206)(NULL).xml
TRAJ,15_9-F-2,15/9-F-2,15/9-F-2,,,NORMALIZED,0.95,WELLBORE_FOLDER|WELL_FOLDER,19,,stages a-d; decided at c_canonical_separators,Well_technical_data/WellWellbore
TRAJ,15_9-F-3,15/9-F-3,15/9-F-3,,,NORMALIZED,0.95,WELLBORE_FOLDER|WELL_FOLDER,13,,stages a-d; decided at c_canonical_separators,Well_technical_data/WellWellbore
DDR,15/9-F-4,15/9-F-4,15/9-F-4,,,EXACT,1.00,NPD_CODE_WELL|NPD_CODE_WELLBORE,260,NPD_NUMBER:5693,already canonical; corroborated by NPD_NUMBER 5693 (from DDR NPD_CODE_WELL|NPD_CODE_WELLBORE '15/9-F-4'),data/landing/ddr/Well_technical_data/Daily Drilling Report - XML Version/15_9_F_4_2007_06_10.xml
DDR,15_9_F_4,15/9-F-4,15/9-F-4,,,NORMALIZED,0.95,FILE_NAME,390,,stages a-d; decided at c_canonical_separators,Daily Drilling Report file names
DDR,5693,15/9-F-4,15/9-F-4,,,IDENTIFIER,1.00,NPD_NUMBER,130,NPD_NUMBER:5693,NPD_NUMBER 5693 (from DDR NPD_CODE_WELL|NPD_CODE_WELLBORE '15/9-F-4'),data/landing/ddr/Well_technical_data/Daily Drilling Report - XML Version/15_9_F_4_2007_06_10.xml
DDR,NO 15/9-F-4,15/9-F-4,15/9-F-4,,,NORMALIZED,0.95,XML_NAME_WELL|XML_NAME_WELLBORE,260,NPD_NUMBER:5693,stages a-d; decided at b_strip_prefixes; corroborated by NPD_NUMBER 5693 (from DDR NPD_CODE_WELL|NPD_CODE_WELLBORE '15/9-F-4'),data/landing/ddr/Well_technical_data/Daily Drilling Report - XML Version/15_9_F_4_2007_06_10.xml
PROD,15/9-F-4,15/9-F-4,15/9-F-4,,,EXACT,1.00,MONTHLY_WELLBORE_NAME|NPD_WELL_BORE_NAME,3439,NPD_NUMBER:5693,already canonical; corroborated by NPD_NUMBER 5693 (from DDR NPD_CODE_WELL|NPD_CODE_WELLBORE '15/9-F-4'),data/landing/prod/Production_data/Volve production data.xlsx
PROD,5693,15/9-F-4,15/9-F-4,,,IDENTIFIER,1.00,NPD_WELL_BORE_CODE,3327,NPD_NUMBER:5693,NPD_NUMBER 5693 (from DDR NPD_CODE_WELL|NPD_CODE_WELLBORE '15/9-F-4'),data/landing/prod/Production_data/Volve production data.xlsx
PROD,NO 15/9-F-4 AH,15/9-F-4,15/9-F-4,,,IDENTIFIER,1.00,WELL_BORE_CODE,3327,NPD_NUMBER:5693,"NPD_NUMBER 5693 (from DDR NPD_CODE_WELL|NPD_CODE_WELLBORE '15/9-F-4'); overrules the name, which parses to '15/9-F-4 AH'",data/landing/prod/Production_data/Volve production data.xlsx
SIM,I-F-4,15/9-F-4,15/9-F-4,,,NORMALIZED,0.70,ECLIPSE_WELSPECS,2,,"simulator injector name; block 15/9 assumed because the name omits it, then corroborated by a source that named its own block",data/landing/sim/Reservoir_Model-Eclipse_model/Volve_sim_model_PPA-Eclipse Res Model/MOD2013_VOLVE_HM_NTRANS_BASE-SHUT-DEF-F11-BHP-F12-3.SCH
TRAJ,15_9-F-4,15/9-F-4,15/9-F-4,,,NORMALIZED,0.95,WELLBORE_FOLDER|WELL_FOLDER,11,,stages a-d; decided at c_canonical_separators,Well_technical_data/WellWellbore
DDR,15/9-F-5,15/9-F-5,15/9-F-5,,,EXACT,1.00,NPD_CODE_WELL|NPD_CODE_WELLBORE,206,NPD_NUMBER:5769,already canonical; corroborated by NPD_NUMBER 5769 (from DDR NPD_CODE_WELL|NPD_CODE_WELLBORE '15/9-F-5'),data/landing/ddr/Well_technical_data/Daily Drilling Report - XML Version/15_9_F_5_2007_11_15.xml
DDR,15_9_F_5,15/9-F-5,15/9-F-5,,,NORMALIZED,0.95,FILE_NAME,309,,stages a-d; decided at c_canonical_separators,Daily Drilling Report file names
DDR,5769,15/9-F-5,15/9-F-5,,,IDENTIFIER,1.00,NPD_NUMBER,103,NPD_NUMBER:5769,NPD_NUMBER 5769 (from DDR NPD_CODE_WELL|NPD_CODE_WELLBORE '15/9-F-5'),data/landing/ddr/Well_technical_data/Daily Drilling Report - XML Version/15_9_F_5_2007_11_15.xml
DDR,NO 15/9-F-5,15/9-F-5,15/9-F-5,,,NORMALIZED,0.95,XML_NAME_WELL|XML_NAME_WELLBORE,206,NPD_NUMBER:5769,stages a-d; decided at b_strip_prefixes; corroborated by NPD_NUMBER 5769 (from DDR NPD_CODE_WELL|NPD_CODE_WELLBORE '15/9-F-5'),data/landing/ddr/Well_technical_data/Daily Drilling Report - XML Version/15_9_F_5_2007_11_15.xml
PROD,15/9-F-5,15/9-F-5,15/9-F-5,,,EXACT,1.00,MONTHLY_WELLBORE_NAME|NPD_WELL_BORE_NAME,3415,NPD_NUMBER:5769,already canonical; corroborated by NPD_NUMBER 5769 (from DDR NPD_CODE_WELL|NPD_CODE_WELLBORE '15/9-F-5'),data/landing/prod/Production_data/Volve production data.xlsx
PROD,5769,15/9-F-5,15/9-F-5,,,IDENTIFIER,1.00,NPD_WELL_BORE_CODE,3306,NPD_NUMBER:5769,NPD_NUMBER 5769 (from DDR NPD_CODE_WELL|NPD_CODE_WELLBORE '15/9-F-5'),data/landing/prod/Production_data/Volve production data.xlsx
PROD,NO 15/9-F-5 AH,15/9-F-5,15/9-F-5,,,IDENTIFIER,1.00,WELL_BORE_CODE,3306,NPD_NUMBER:5769,"NPD_NUMBER 5769 (from DDR NPD_CODE_WELL|NPD_CODE_WELLBORE '15/9-F-5'); overrules the name, which parses to '15/9-F-5 AH'",data/landing/prod/Production_data/Volve production data.xlsx
SIM,I-F-5,15/9-F-5,15/9-F-5,,,NORMALIZED,0.70,ECLIPSE_WELSPECS,2,,"simulator injector name; block 15/9 assumed because the name omits it, then corroborated by a source that named its own block",data/landing/sim/Reservoir_Model-Eclipse_model/Volve_sim_model_PPA-Eclipse Res Model/MOD2013_VOLVE_HM_NTRANS_BASE-SHUT-DEF-F11-BHP-F12-3.SCH
SIM,P-F-5,15/9-F-5,15/9-F-5,,,NORMALIZED,0.70,ECLIPSE_WELSPECS,3,,"simulator producer name; block 15/9 assumed because the name omits it, then corroborated by a source that named its own block",data/landing/sim/Reservoir_Model-Eclipse_model/Volve_sim_model_PPA-Eclipse Res Model/SCH_010916_10DAYS.SCH
TRAJ,15_9-F-5,15/9-F-5,15/9-F-5,,,NORMALIZED,0.95,WELLBORE_FOLDER|WELL_FOLDER,9,,stages a-d; decided at c_canonical_separators,Well_technical_data/WellWellbore
TRAJ,15_9-F-6,15/9-F-6,15/9-F-6,,,NORMALIZED,0.95,WELL_FOLDER,1,,stages a-d; decided at c_canonical_separators,Well_technical_data/WellWellbore
DDR,15/9-F-7,15/9-F-7,15/9-F-7,,,EXACT,1.00,NPD_CODE_WELL|NPD_CODE_WELLBORE,78,NPD_NUMBER:5610,already canonical; corroborated by NPD_NUMBER 5610 (from DDR NPD_CODE_WELL|NPD_CODE_WELLBORE '15/9-F-7'),data/landing/ddr/Well_technical_data/Daily Drilling Report - XML Version/15_9_F_7_2007_09_15.xml
DDR,15_9_F_7,15/9-F-7,15/9-F-7,,,NORMALIZED,0.95,FILE_NAME,117,,stages a-d; decided at c_canonical_separators,Daily Drilling Report file names
DDR,5610,15/9-F-7,15/9-F-7,,,IDENTIFIER,1.00,NPD_NUMBER,39,NPD_NUMBER:5610,NPD_NUMBER 5610 (from DDR NPD_CODE_WELL|NPD_CODE_WELLBORE '15/9-F-7'),data/landing/ddr/Well_technical_data/Daily Drilling Report - XML Version/15_9_F_7_2007_09_15.xml
DDR,NO 15/9-F-7,15/9-F-7,15/9-F-7,,,NORMALIZED,0.95,XML_NAME_WELL|XML_NAME_WELLBORE,78,NPD_NUMBER:5610,stages a-d; decided at b_strip_prefixes; corroborated by NPD_NUMBER 5610 (from DDR NPD_CODE_WELL|NPD_CODE_WELLBORE '15/9-F-7'),data/landing/ddr/Well_technical_data/Daily Drilling Report - XML Version/15_9_F_7_2007_09_15.xml
TRAJ,15_9-F-7,15/9-F-7,15/9-F-7,,,NORMALIZED,0.95,WELLBORE_FOLDER|WELL_FOLDER,9,,stages a-d; decided at c_canonical_separators,Well_technical_data/WellWellbore
TRAJ,15_9-F-8,15/9-F-8,15/9-F-8,,,NORMALIZED,0.95,WELLBORE_FOLDER|WELL_FOLDER,10,,stages a-d; decided at c_canonical_separators,Well_technical_data/WellWellbore
TRAJ,15_9-F-8 A,15/9-F-8 A,15/9-F-8,A,,NORMALIZED,0.95,WELLBORE_FOLDER,1,,stages a-d; decided at d_split_sidetrack,Well_technical_data/WellWellbore
DDR,15/9-F-9,15/9-F-9,15/9-F-9,,,EXACT,1.00,NPD_CODE_WELL|NPD_CODE_WELLBORE,64,NPD_NUMBER:5927,already canonical; corroborated by NPD_NUMBER 5927 (from DDR NPD_CODE_WELL|NPD_CODE_WELLBORE '15/9-F-9'),data/landing/ddr/Well_technical_data/Daily Drilling Report - XML Version/15_9_F_9_2007_11_29.xml
DDR,15_9_F_9,15/9-F-9,15/9-F-9,,,NORMALIZED,0.95,FILE_NAME,96,,stages a-d; decided at c_canonical_separators,Daily Drilling Report file names
DDR,5927,15/9-F-9,15/9-F-9,,,IDENTIFIER,1.00,NPD_NUMBER,32,NPD_NUMBER:5927,NPD_NUMBER 5927 (from DDR NPD_CODE_WELL|NPD_CODE_WELLBORE '15/9-F-9'),data/landing/ddr/Well_technical_data/Daily Drilling Report - XML Version/15_9_F_9_2007_11_29.xml
DDR,NO 15/9-F-9,15/9-F-9,15/9-F-9,,,NORMALIZED,0.95,XML_NAME_WELL|XML_NAME_WELLBORE,64,NPD_NUMBER:5927,stages a-d; decided at b_strip_prefixes; corroborated by NPD_NUMBER 5927 (from DDR NPD_CODE_WELL|NPD_CODE_WELLBORE '15/9-F-9'),data/landing/ddr/Well_technical_data/Daily Drilling Report - XML Version/15_9_F_9_2007_11_29.xml
TRAJ,15_9-F-9,15/9-F-9,15/9-F-9,,,NORMALIZED,0.95,WELLBORE_FOLDER|WELL_FOLDER,13,,stages a-d; decided at c_canonical_separators,Well_technical_data/WellWellbore
ARCHIVE,Norway-NA-15_$47$_9-F-9 A,15/9-F-9 A,15/9-F-9,A,,NORMALIZED,0.95,ARCHIVE_NAME,8,,stages a-d; decided at d_split_sidetrack,Norway-NA-15_$47$_9-F-9 A.zip
DDR,15/9-F-9 A,15/9-F-9 A,15/9-F-9,A,,EXACT,1.00,NPD_CODE_WELL|NPD_CODE_WELLBORE,56,NPD_NUMBER:6163,already canonical; corroborated by NPD_NUMBER 6163 (from DDR NPD_CODE_WELL|NPD_CODE_WELLBORE '15/9-F-9 A'),data/landing/ddr/Well_technical_data/Daily Drilling Report - XML Version/15_9_F_9_A_2009_07_04.xml
DDR,15_9_F_9_A,15/9-F-9 A,15/9-F-9,A,,NORMALIZED,0.95,FILE_NAME,84,,stages a-d; decided at d_split_sidetrack,Daily Drilling Report file names
DDR,6163,15/9-F-9 A,15/9-F-9,A,,IDENTIFIER,1.00,NPD_NUMBER,28,NPD_NUMBER:6163,NPD_NUMBER 6163 (from DDR NPD_CODE_WELL|NPD_CODE_WELLBORE '15/9-F-9 A'),data/landing/ddr/Well_technical_data/Daily Drilling Report - XML Version/15_9_F_9_A_2009_07_04.xml
DDR,NO 15/9-F-9 A,15/9-F-9 A,15/9-F-9,A,,NORMALIZED,0.95,XML_NAME_WELL|XML_NAME_WELLBORE,56,NPD_NUMBER:6163,stages a-d; decided at d_split_sidetrack; corroborated by NPD_NUMBER 6163 (from DDR NPD_CODE_WELL|NPD_CODE_WELLBORE '15/9-F-9 A'),data/landing/ddr/Well_technical_data/Daily Drilling Report - XML Version/15_9_F_9_A_2009_07_04.xml
TRAJ,15/9-F-9 A,15/9-F-9 A,15/9-F-9,A,,EXACT,1.00,XML_NAME_WELL,2,W_NUMBER:W-986464,already canonical; corroborated by W_NUMBER W-986464 (from TRAJ XML_NAME_WELL '15/9-F-9 A'),data/landing/traj/Norway-NA-15-9-F-9_A/1/trajectory/1.xml
TRAJ,15/9-F-9 A - Main Wellbore,15/9-F-9 A,15/9-F-9,A,,NORMALIZED,0.90,XML_NAME_WELLBORE,2,B_NUMBER:B-986464,WITSML 'Main Wellbore' descriptor: the original hole of well 15/9-F-9 A; corroborated by B_NUMBER B-986464 (from TRAJ XML_NAME_WELLBORE '15/9-F-9 A - Main Wellbore'),data/landing/traj/Norway-NA-15-9-F-9_A/1/trajectory/1.xml
TRAJ,15_9-F-9 A,15/9-F-9 A,15/9-F-9,A,,NORMALIZED,0.95,WELLBORE_FOLDER,4,,stages a-d; decided at d_split_sidetrack,Well_technical_data/WellWellbore
TRAJ,B-986464,15/9-F-9 A,15/9-F-9,A,,IDENTIFIER,1.00,XML_UID_WELLBORE,2,B_NUMBER:B-986464,B_NUMBER B-986464 (from TRAJ XML_NAME_WELLBORE '15/9-F-9 A - Main Wellbore'),data/landing/traj/Norway-NA-15-9-F-9_A/1/trajectory/1.xml
TRAJ,Norway-NA-15_$47$_9-F-9 A,15/9-F-9 A,15/9-F-9,A,,NORMALIZED,0.95,ARCHIVE_ROOT_FOLDER,3,,stages a-d; decided at d_split_sidetrack,TRAJ landing root
TRAJ,W-986464,15/9-F-9 A,15/9-F-9,A,,IDENTIFIER,1.00,XML_UID_WELL,2,W_NUMBER:W-986464,W_NUMBER W-986464 (from TRAJ XML_NAME_WELL '15/9-F-9 A'),data/landing/traj/Norway-NA-15-9-F-9_A/1/trajectory/1.xml
WITSML,15/9-F-9 A,15/9-F-9 A,15/9-F-9,A,,EXACT,1.00,XML_NAME_WELL,2,W_NUMBER:W-986464,already canonical; corroborated by W_NUMBER W-986464 (from TRAJ XML_NAME_WELL '15/9-F-9 A'),data/landing/witsml/Norway-NA-15-9-F-9_A/1/_wellboreInfo/15_$47$_9-F-9 A - Main Wellbore (B-986464)(NULL).xml
WITSML,15/9-F-9 A - Main Wellbore,15/9-F-9 A,15/9-F-9,A,,NORMALIZED,0.90,XML_NAME_WELLBORE,1,B_NUMBER:B-986464,WITSML 'Main Wellbore' descriptor: the original hole of well 15/9-F-9 A; corroborated by B_NUMBER B-986464 (from TRAJ XML_NAME_WELLBORE '15/9-F-9 A - Main Wellbore'),data/landing/witsml/Norway-NA-15-9-F-9_A/1/_wellboreInfo/15_$47$_9-F-9 A - Main Wellbore (B-986464)(NULL).xml
WITSML,B-986464,15/9-F-9 A,15/9-F-9,A,,IDENTIFIER,1.00,XML_UID_WELLBORE,1,B_NUMBER:B-986464,B_NUMBER B-986464 (from TRAJ XML_NAME_WELLBORE '15/9-F-9 A - Main Wellbore'),data/landing/witsml/Norway-NA-15-9-F-9_A/1/_wellboreInfo/15_$47$_9-F-9 A - Main Wellbore (B-986464)(NULL).xml
WITSML,Norway-NA-15_$47$_9-F-9 A,15/9-F-9 A,15/9-F-9,A,,NORMALIZED,0.95,ARCHIVE_ROOT_FOLDER,5,,stages a-d; decided at d_split_sidetrack,WITSML landing root
WITSML,W-986464,15/9-F-9 A,15/9-F-9,A,,IDENTIFIER,1.00,XML_UID_WELL,2,W_NUMBER:W-986464,W_NUMBER W-986464 (from TRAJ XML_NAME_WELL '15/9-F-9 A'),data/landing/witsml/Norway-NA-15-9-F-9_A/1/_wellboreInfo/15_$47$_9-F-9 A - Main Wellbore (B-986464)(NULL).xml
